Shipment_ID,Date,Region,Warehouse,Transport_Mode,Priority,Shipment_Volume_tons,Distance_km,Delivery_Time_days,Transport_Cost_USD,Target_Days,On_Time,Delay_Days,Cost_per_ton_USD,Month
SHP-1029,2025-01-01,North,WH-D,Road,Express,13.403623717563232,310.613471649244,5.023426819847637,791.6309580590494,4.5,False,0.5234268198476366,59.06096550754017,2025-01
SHP-0849,2025-01-01,East,WH-A,Rail,Express,20.5291197515854,484.6614199825363,7.426741594710239,953.534187752931,4.5,False,2.926741594710239,46.447884726245626,2025-01
SHP-0756,2025-01-01,East,WH-D,Road,Standard,13.25377267761834,304.46543948576186,7.586792186460052,603.9288418644962,8.0,True,0.0,45.5665610505265,2025-01
SHP-0992,2025-01-01,East,WH-A,Road,Standard,11.335750025828467,358.79380153646434,8.444460442955922,670.1549442888049,8.0,False,0.444460442955922,59.11871228298606,2025-01
SHP-0447,2025-01-01,North,WH-B,Road,Express,10.323963836958491,714.2654493901169,7.698502572802277,1133.9404577965452,4.5,False,3.198502572802277,109.83576421850502,2025-01
SHP-1165,2025-01-01,South,WH-A,Road,Express,15.874299326915104,427.84940025188615,4.213494849687453,821.8195687026707,4.5,True,0.0,51.77044679441465,2025-01
SHP-0649,2025-01-01,South,WH-C,Road,Standard,14.681362443517266,295.6054760519717,7.360835434644689,490.11916316904154,8.0,True,0.0,33.38376564536485,2025-01
SHP-0678,2025-01-01,West,WH-B,Air,Standard,20.3709879702667,392.68034092989404,4.5596926676788305,1456.2446432653903,8.0,True,0.0,71.48620603924125,2025-01
SHP-0064,2025-01-02,East,WH-A,Rail,Standard,15.475059397640084,125.02995932604297,9.34732585804107,654.1726303570699,8.0,False,1.3473258580410707,42.27270561926437,2025-01
SHP-0207,2025-01-02,North,WH-C,Road,Express,28.935766429269947,718.5900175376016,7.654978718347918,1938.4829734466114,4.5,False,3.154978718347918,66.9926258281426,2025-01
SHP-0264,2025-01-02,West,WH-C,Road,Standard,24.565454192312682,431.14201862529796,6.883841358611567,1033.7493280630183,8.0,True,0.0,42.08142540212066,2025-01
SHP-0896,2025-01-03,West,WH-D,Road,Standard,13.049062244016307,433.0256151168731,7.572309051384174,757.4063197530019,8.0,True,0.0,58.042969340598646,2025-01
SHP-0969,2025-01-04,North,WH-B,Road,Standard,21.31234122991092,377.54600076952767,8.798981904924194,648.6349771820439,8.0,False,0.7989819049241937,30.434712460014186,2025-01
SHP-0949,2025-01-04,North,WH-C,Rail,Standard,17.182659286575042,254.84804384668237,10.182375060465677,696.3266706693374,8.0,False,2.1823750604656773,40.5249652603764,2025-01
SHP-0326,2025-01-04,West,WH-D,Road,Standard,4.0,600.1165576990055,6.849092974831801,468.21021338317405,8.0,True,0.0,117.05255334579351,2025-01
SHP-0497,2025-01-04,North,WH-D,Rail,Standard,14.615947310799353,153.77066812520852,8.620080582228242,477.56584292859344,8.0,False,0.6200805822282422,32.67429970657681,2025-01
SHP-1045,2025-01-05,North,WH-C,Rail,Standard,4.0,136.37242955654204,7.410211164193611,181.8387353354168,8.0,True,0.0,45.4596838338542,2025-01
SHP-1092,2025-01-05,East,WH-A,Rail,Standard,5.1082486990354665,217.54060076693088,10.200983270282844,557.1425588533825,8.0,False,2.200983270282844,109.0672345218003,2025-01
SHP-0416,2025-01-05,South,WH-A,Road,Standard,9.610225006434458,536.3909336461874,7.254139034509076,597.4891618389139,8.0,True,0.0,62.17223441062715,2025-01
SHP-0614,2025-01-05,East,WH-A,Road,Express,31.005607292135565,1320.5533728935006,8.356509809092573,3063.635125092156,4.5,False,3.8565098090925733,98.80906689640082,2025-01
SHP-0129,2025-01-05,East,WH-A,Road,Standard,12.7652279752286,137.97409641810927,10.292312238041074,661.4321656144218,8.0,False,2.292312238041074,51.81514712451322,2025-01
SHP-0721,2025-01-05,South,WH-C,Road,Standard,17.32803573385591,512.8985908199528,8.518085774567854,945.3373675720256,8.0,False,0.5180857745678544,54.55536808046881,2025-01
SHP-0843,2025-01-05,East,WH-A,Road,Standard,13.380058731881196,667.8575011749207,10.709170706145946,1062.8496016318693,8.0,False,2.7091707061459456,79.43534650557068,2025-01
SHP-0965,2025-01-06,South,WH-B,Road,Standard,9.358895325245978,566.9521690363787,6.593948579551163,680.5087695059884,8.0,True,0.0,72.7125099551322,2025-01
SHP-0335,2025-01-06,East,WH-B,Road,Express,4.056552218759167,400.8572074655168,5.818467029757442,782.2547170667407,4.5,False,1.318467029757442,192.83733448549557,2025-01
SHP-0742,2025-01-06,South,WH-D,Rail,Express,10.117231003816517,442.55791280944203,5.793319102265893,578.7070128244562,4.5,False,1.293319102265893,57.200138319086605,2025-01
SHP-0935,2025-01-06,West,WH-B,Road,Express,6.160218069230808,381.83012627463836,4.271608670989662,770.6861929085076,4.5,True,0.0,125.1069660598458,2025-01
SHP-0606,2025-01-07,North,WH-C,Road,Standard,10.143777636095592,216.82342525754908,8.106784032813044,655.547103290453,8.0,False,0.10678403281304405,64.62553959757122,2025-01
SHP-0895,2025-01-07,North,WH-D,Rail,Standard,4.2657205058579,1264.476309552921,11.205418173170752,473.5577786997986,8.0,False,3.2054181731707523,111.01472261238996,2025-01
SHP-0688,2025-01-08,South,WH-A,Road,Standard,17.202034211559994,459.7316248003033,7.785981232715689,736.738639708745,8.0,True,0.0,42.828576588555265,2025-01
SHP-0876,2025-01-08,West,WH-B,Road,Standard,4.899863608650741,266.5341628497797,6.660193631095357,302.52959596266123,8.0,True,0.0,61.74245246919593,2025-01
SHP-0829,2025-01-08,North,WH-D,Road,Standard,22.528744789483156,258.95928232565745,8.822644480345721,721.7629744732344,8.0,False,0.8226444803457209,32.0374251303236,2025-01
SHP-0098,2025-01-09,West,WH-C,Rail,Standard,20.32073946063392,199.4503478035811,8.742502589196409,466.72188962991197,8.0,False,0.742502589196409,22.967761115881768,2025-01
SHP-0602,2025-01-09,North,WH-C,Road,Standard,6.91130460079243,715.2722619251424,8.781244323978035,582.6574994366135,8.0,False,0.7812443239780347,84.30499494549953,2025-01
SHP-0270,2025-01-09,North,WH-C,Road,Standard,10.837795640163286,238.09954155229562,7.116441913281372,461.57325694962094,8.0,True,0.0,42.58921945705434,2025-01
SHP-1004,2025-01-10,East,WH-D,Road,Standard,10.994196136780854,889.8815267388104,9.564205677105907,1047.8853595088556,8.0,False,1.5642056771059067,95.31259461555148,2025-01
SHP-0485,2025-01-10,West,WH-A,Rail,Standard,21.98753558591345,587.1661614010384,8.400171422272992,747.425138489308,8.0,False,0.40017142227299196,33.99312922400244,2025-01
SHP-1091,2025-01-10,East,WH-B,Rail,Standard,10.476319897245228,305.3917586126606,8.149549463394742,404.9773556554343,8.0,False,0.14954946339474162,38.65645184831784,2025-01
SHP-0715,2025-01-10,North,WH-C,Air,Standard,8.403376111723253,145.2730812240609,5.139803141270953,462.60971273088467,8.0,True,0.0,55.0504590750751,2025-01
SHP-1123,2025-01-11,West,WH-A,Road,Express,8.86863879981773,261.58979091010366,4.259777549390146,547.383359180779,4.5,True,0.0,61.72123721985712,2025-01
SHP-0682,2025-01-12,West,WH-D,Rail,Standard,13.16583523506393,1500.0,11.739278774240107,1093.2422795381908,8.0,False,3.7392787742401072,83.03630267425888,2025-01
SHP-0519,2025-01-12,South,WH-A,Road,Standard,7.3548002633122005,290.29384075218775,7.590305699248658,373.44627886603723,8.0,True,0.0,50.77585597108485,2025-01
SHP-0852,2025-01-12,South,WH-A,Rail,Standard,23.223432073868842,489.82604237392275,9.138254183695272,703.787604065574,8.0,False,1.1382541836952722,30.305064377520686,2025-01
SHP-0917,2025-01-13,West,WH-A,Rail,Standard,6.467336836539622,592.1499661521925,9.946615024123394,516.2083914166525,8.0,False,1.9466150241233944,79.81776803399839,2025-01
SHP-1008,2025-01-13,North,WH-C,Road,Standard,18.40840767198907,206.8309758556508,9.68802747624276,721.7160973196425,8.0,False,1.6880274762427607,39.20578630045406,2025-01
SHP-0152,2025-01-13,East,WH-A,Air,Express,11.1392862034467,130.29793160785016,3.9613816926674636,825.0023820405574,4.5,True,0.0,74.0624100119886,2025-01
SHP-0379,2025-01-13,East,WH-D,Road,Express,17.695683476882454,230.3168513936002,4.45133927710879,782.6750690552859,4.5,True,0.0,44.22971681640714,2025-01
SHP-0555,2025-01-13,South,WH-A,Road,Standard,8.552055581280735,1181.0883977333447,10.125841691642442,896.2074404020527,8.0,False,2.1258416916424423,104.79438912484697,2025-01
SHP-0886,2025-01-14,North,WH-C,Air,Standard,19.568893143988674,466.546084870975,5.861627430705106,1853.4889157334967,8.0,True,0.0,94.71608343381781,2025-01
SHP-0676,2025-01-14,North,WH-C,Road,Standard,13.515064417521709,364.2703419756513,8.877760680713246,598.8720073542477,8.0,False,0.8777606807132461,44.31144305741048,2025-01
SHP-0051,2025-01-14,West,WH-A,Rail,Standard,11.384613676320932,344.0796010354551,9.461295319379406,476.4010970259809,8.0,False,1.4612953193794063,41.846048585456735,2025-01
SHP-0892,2025-01-14,East,WH-B,Road,Standard,32.17445517312894,425.2638127053739,9.398818808378167,1191.3362266427607,8.0,False,1.3988188083781665,37.02739394442725,2025-01
SHP-1058,2025-01-14,North,WH-D,Road,Standard,19.119050645011903,660.6049908681167,8.390133786842346,1188.689041339693,8.0,False,0.39013378684234645,62.17301598339654,2025-01
SHP-0135,2025-01-15,North,WH-D,Road,Express,9.946182162233496,816.1959232212021,4.863697242191185,1097.8604294805577,4.5,False,0.3636972421911846,110.38008469714416,2025-01
SHP-1104,2025-01-15,East,WH-D,Road,Express,22.80261626931524,545.3797766159781,7.378220806805334,1419.6965470653893,4.5,False,2.8782208068053343,62.26024813546637,2025-01
SHP-1078,2025-01-15,East,WH-D,Road,Standard,8.482078707521941,316.0732357544235,8.835085608070678,635.1706953839303,8.0,False,0.8350856080706777,74.88384832136235,2025-01
SHP-0904,2025-01-15,North,WH-A,Rail,Express,7.785621942008305,842.5024319956565,7.710095913144275,953.6574482257186,4.5,False,3.210095913144275,122.48956542317313,2025-01
SHP-0093,2025-01-15,West,WH-A,Road,Standard,12.118562326573148,875.6024294751938,6.2520454335024205,1076.9742076150346,8.0,True,0.0,88.86979978256036,2025-01
SHP-0498,2025-01-16,East,WH-C,Road,Standard,25.513891119401524,414.1252462450328,6.744895231990317,1071.845851533013,8.0,True,0.0,42.010285554520905,2025-01
SHP-0330,2025-01-17,South,WH-B,Rail,Express,7.476952205341289,534.924405193552,6.644379317099263,502.7361785857106,4.5,False,2.144379317099263,67.23811584974054,2025-01
SHP-1184,2025-01-17,North,WH-D,Road,Standard,7.356972974583627,529.174352204548,8.300067992880653,584.2805360281304,8.0,False,0.30006799288065267,79.41860572910399,2025-01
SHP-0353,2025-01-18,South,WH-A,Road,Standard,8.52952981021775,379.18486404060053,7.101871295184255,437.37217459642204,8.0,True,0.0,51.27740735163177,2025-01
SHP-0567,2025-01-19,West,WH-D,Road,Standard,12.405634165068179,480.07068727908336,5.393291893420608,722.9333919578279,8.0,True,0.0,58.27460187351533,2025-01
SHP-0637,2025-01-19,West,WH-C,Road,Standard,4.7047933335161645,233.79960615754663,7.155041271364986,427.0124364276849,8.0,True,0.0,90.76114637931478,2025-01
SHP-0672,2025-01-20,East,WH-D,Road,Standard,8.793397402861164,569.973775463402,8.256301253107573,579.2703171102268,8.0,False,0.2563012531075728,65.87559853962087,2025-01
SHP-0384,2025-01-20,West,WH-B,Road,Express,8.437441375921217,909.737000307881,5.50559332615335,924.0460008465195,4.5,False,1.0055933261533498,109.51732399392586,2025-01
SHP-0988,2025-01-20,West,WH-A,Road,Standard,9.040574577179326,291.465598409439,9.167116460419612,565.7620903785047,8.0,False,1.1671164604196118,62.580324463738165,2025-01
SHP-0045,2025-01-21,West,WH-A,Road,Standard,4.0,628.746025683077,6.765232565909333,447.49190207859533,8.0,True,0.0,111.87297551964883,2025-01
SHP-0007,2025-01-21,North,WH-A,Road,Standard,24.624164380555847,670.4831009335925,7.886648925690937,1467.0321292432316,8.0,True,0.0,59.57693047247746,2025-01
SHP-0026,2025-01-22,East,WH-B,Rail,Standard,22.865754480911985,640.7442267427721,11.184311232080894,938.8303311230259,8.0,False,3.184311232080894,41.05835789965944,2025-01
SHP-0308,2025-01-22,East,WH-A,Road,Standard,18.501689861923182,167.8832790927629,8.226896599797058,573.7555026967167,8.0,False,0.22689659979705823,31.010978293259367,2025-01
SHP-0847,2025-01-22,West,WH-D,Road,Standard,11.41847201031325,583.8051742381525,7.451005066591762,820.0234498241077,8.0,True,0.0,71.81551516555423,2025-01
SHP-0748,2025-01-23,South,WH-B,Road,Standard,9.67370667030521,1071.3289170810551,8.268012668972384,617.9787912262071,8.0,False,0.26801266897238385,63.88231649851232,2025-01
SHP-1063,2025-01-23,West,WH-A,Air,Standard,16.903488114886052,262.83579291546454,4.632656410357613,1061.5327205482909,8.0,True,0.0,62.799625339663024,2025-01
SHP-1130,2025-01-23,North,WH-D,Road,Standard,15.880950867191887,545.0243141213145,8.687599434699797,977.0444936315583,8.0,False,0.6875994346997967,61.52304744233001,2025-01
SHP-0483,2025-01-23,West,WH-C,Road,Express,12.829295282477919,432.416146330327,6.002941325297189,875.9375983645044,4.5,False,1.502941325297189,68.27636117790884,2025-01
SHP-1191,2025-01-25,North,WH-D,Road,Standard,19.45839051076328,674.0500389849173,7.7417045568271545,1108.8846974684072,8.0,True,0.0,56.987482950094716,2025-01
SHP-1178,2025-01-25,West,WH-A,Road,Standard,20.607466079357753,395.55018104319345,8.054637381117821,803.7389450127228,8.0,False,0.05463738111782135,39.0023179908479,2025-01
SHP-0915,2025-01-25,West,WH-B,Air,Standard,9.787564335495006,648.915506399472,6.194281933666145,1052.046743265402,8.0,True,0.0,107.48810502834817,2025-01
SHP-0919,2025-01-25,North,WH-D,Road,Express,7.008185488013605,157.59866396317955,6.634282151646264,650.7570676002628,4.5,False,2.1342821516462642,92.85671287001179,2025-01
SHP-0581,2025-01-25,South,WH-C,Rail,Standard,18.985088070863608,589.3449407402403,11.218419201042318,815.1740900362691,8.0,False,3.218419201042318,42.93759855069179,2025-01
SHP-0978,2025-01-26,West,WH-B,Road,Standard,9.120578775911754,138.81316769226208,6.13546105303535,326.1808651594142,8.0,True,0.0,35.76317612878761,2025-01
SHP-0376,2025-01-26,North,WH-D,Air,Standard,7.186161574020537,367.31398085697424,6.364527644709547,591.0349312355736,8.0,True,0.0,82.24626250713418,2025-01
SHP-0873,2025-01-26,West,WH-D,Rail,Standard,9.633372806744145,411.5624507909364,8.188513602300288,404.1661207018248,8.0,False,0.18851360230028824,41.954788713136445,2025-01
SHP-0317,2025-01-27,North,WH-A,Air,Standard,12.914498802460782,531.516146214388,6.188072054767465,1472.965381820383,8.0,True,0.0,114.05517196995041,2025-01
SHP-0165,2025-01-28,West,WH-D,Rail,Standard,12.690634896511416,251.62894998836634,7.206948214115557,355.75109574636684,8.0,True,0.0,28.032568791665483,2025-01
SHP-0887,2025-01-28,South,WH-A,Rail,Standard,7.17347702326825,497.76799043681757,10.052662987496655,663.489168075371,8.0,False,2.052662987496655,92.49199041458476,2025-01
SHP-0697,2025-01-28,North,WH-C,Air,Standard,44.777419583664,1145.7188713662829,7.840447778676515,7722.264742524554,8.0,True,0.0,172.4589048302784,2025-01
SHP-0907,2025-01-28,North,WH-A,Road,Standard,12.485354663583006,799.9681448602391,9.338916888297142,1023.9861508614339,8.0,False,1.3389168882971418,82.01498303033176,2025-01
SHP-0110,2025-01-28,East,WH-D,Rail,Standard,14.448871078632369,65.3828780392868,9.112573222523341,463.8134589142831,8.0,False,1.1125732225233413,32.10032509738363,2025-01
SHP-0150,2025-01-29,West,WH-C,Road,Standard,26.349028285584296,58.50693570925493,9.19474571485271,241.2879927811118,8.0,False,1.1947457148527096,9.157377272736916,2025-01
SHP-1153,2025-01-29,East,WH-A,Air,Standard,6.366033259504342,1001.6627849944953,6.8430874031551125,1197.5448533587091,8.0,True,0.0,188.11476543431533,2025-01
SHP-0615,2025-01-29,North,WH-B,Rail,Standard,12.663092921292463,490.2100321720195,7.646462918738919,494.32768514105715,8.0,True,0.0,39.0368836597468,2025-01
SHP-0802,2025-01-30,West,WH-B,Rail,Standard,6.86470662731231,403.09970509326905,8.783029419823865,323.40345252384424,8.0,False,0.7830294198238654,47.11103767160755,2025-01
SHP-0960,2025-01-31,North,WH-D,Rail,Standard,20.73650476727444,346.08094234240406,8.160589025255456,702.1631841926727,8.0,False,0.16058902525545626,33.86121200622006,2025-01
SHP-0508,2025-02-02,South,WH-C,Road,Standard,7.268889168944403,490.40972815142027,7.383319589004278,590.7821774412779,8.0,True,0.0,81.27544164042772,2025-02
SHP-0306,2025-02-02,West,WH-A,Road,Standard,19.049615487598622,480.54759359409985,8.858048345895625,826.9097031507577,8.0,False,0.8580483458956252,43.40820966644073,2025-02
SHP-0115,2025-02-02,South,WH-B,Road,Standard,28.464700326252157,295.1008306033383,7.135822060994012,654.4645011897416,8.0,True,0.0,22.992144434633243,2025-02
SHP-0855,2025-02-03,South,WH-D,Road,Standard,8.43648806191301,169.90875368534992,6.875839617969222,294.9893232056915,8.0,True,0.0,34.96589114342934,2025-02
SHP-0762,2025-02-03,South,WH-D,Air,Express,16.90075540348841,1070.027952486951,3.735465148872855,3255.1393359898607,4.5,True,0.0,192.60318596871602,2025-02
SHP-0928,2025-02-03,South,WH-B,Road,Standard,9.107746630430052,328.2463965425713,6.963518795975519,463.26327414640684,8.0,True,0.0,50.86475205607826,2025-02
SHP-0815,2025-02-03,North,WH-D,Road,Express,6.14276936862247,393.84394840368884,4.875509901422755,708.4652177356223,4.5,False,0.3755099014227552,115.33319504953143,2025-02
SHP-1028,2025-02-04,North,WH-D,Air,Standard,16.40911834860404,642.1435518023729,6.70015510794246,1880.6985400341478,8.0,True,0.0,114.61301576840312,2025-02
SHP-0124,2025-02-04,South,WH-A,Rail,Standard,34.85857457850911,662.4667191243774,9.636352768872412,1402.9024964560267,8.0,False,1.6363527688724115,40.24554972253338,2025-02
SHP-0524,2025-02-04,East,WH-C,Road,Standard,13.649508627188004,427.34826819300065,7.533152747491576,748.2244118866004,8.0,True,0.0,54.81694853075055,2025-02
SHP-0327,2025-02-04,West,WH-D,Road,Standard,14.93184412622574,116.61807116654686,6.690669674204409,327.4517525284037,8.0,True,0.0,21.92975963051205,2025-02
SHP-0709,2025-02-04,North,WH-C,Rail,Standard,12.175476059099866,922.2315665444919,12.11710483364252,1004.7961406762946,8.0,False,4.11710483364252,82.52623025161444,2025-02
SHP-0059,2025-02-04,North,WH-A,Rail,Standard,9.262632791376836,452.37214301394937,8.495282650597314,525.734449825601,8.0,False,0.49528265059731424,56.75864105452179,2025-02
SHP-0151,2025-02-05,West,WH-C,Road,Standard,7.023924613788971,889.0630031119049,8.371041610649996,725.9658142832625,8.0,False,0.3710416106499963,103.35615118335518,2025-02
SHP-0382,2025-02-05,North,WH-A,Road,Standard,13.479076383485966,398.94751659749704,8.027036759088132,819.2223863681987,8.0,False,0.027036759088131745,60.777338376973496,2025-02
SHP-0963,2025-02-05,South,WH-D,Road,Standard,10.377616024594086,868.1006939665667,7.844424699939047,767.2201348211755,8.0,True,0.0,73.93028736107865,2025-02
SHP-0546,2025-02-05,South,WH-A,Road,Standard,8.033047104778888,340.9312026021819,8.776398563526572,640.21899850657,8.0,False,0.7763985635265716,79.69815067133136,2025-02
SHP-0338,2025-02-06,North,WH-B,Rail,Standard,10.27862985680738,484.6620239987555,8.989547865110415,399.8053448456843,8.0,False,0.9895478651104153,38.89675476356407,2025-02
SHP-0268,2025-02-06,West,WH-A,Road,Standard,17.028648422398632,346.97265824643654,6.6786669014606,520.5350622683164,8.0,True,0.0,30.56819598105218,2025-02
SHP-0552,2025-02-06,North,WH-C,Rail,Standard,6.354557897179377,520.7688910474078,8.814292630399995,611.7119396686852,8.0,False,0.8142926303999953,96.26349300243346,2025-02
SHP-1127,2025-02-07,North,WH-C,Air,Standard,36.421076557297454,544.8586477202962,7.990797556290698,3268.9241482449775,8.0,True,0.0,89.7536387509667,2025-02
SHP-0311,2025-02-07,East,WH-B,Road,Express,7.411733206800544,876.6647782156322,6.532814198025658,1088.39239091517,4.5,False,2.032814198025658,146.8472165075409,2025-02
SHP-1018,2025-02-07,South,WH-B,Road,Standard,15.799112900668309,325.14408897352536,7.203878635845212,713.3867485546896,8.0,True,0.0,45.153595207520354,2025-02
SHP-1084,2025-02-07,South,WH-B,Road,Standard,10.543112806943167,776.6287514953932,6.983408748220446,635.111756548543,8.0,True,0.0,60.23949171162146,2025-02
SHP-0996,2025-02-07,East,WH-C,Road,Standard,5.9072542509780535,417.58867051911375,8.23451652772605,572.8946421565533,8.0,False,0.23451652772605058,96.98154469340814,2025-02
SHP-0250,2025-02-08,North,WH-D,Road,Standard,17.599811433864797,240.1074089210902,8.808473048439058,586.1912712058507,8.0,False,0.8084730484390583,33.30667907486365,2025-02
SHP-0586,2025-02-08,West,WH-B,Air,Standard,15.811578757059104,377.1681824322868,5.697341845524774,1186.0854734300133,8.0,True,0.0,75.01372833503318,2025-02
SHP-0638,2025-02-08,West,WH-A,Road,Express,8.686973322435668,241.80191807862656,5.030541663907598,704.656387724938,4.5,False,0.5305416639075977,81.1164443092091,2025-02
SHP-0766,2025-02-08,South,WH-B,Air,Standard,6.623187377920878,697.8107973072013,5.595584334716937,847.43734663689,8.0,True,0.0,127.9500787584412,2025-02
SHP-0477,2025-02-08,East,WH-B,Road,Standard,23.408540046319185,486.0638438200411,8.217002979134119,1084.1157232431847,8.0,False,0.2170029791341186,46.31282946728041,2025-02
SHP-0373,2025-02-08,North,WH-A,Road,Standard,13.416399878025269,965.2474689456575,8.474120719115383,1122.4368494094974,8.0,False,0.47412071911538334,83.66155299589255,2025-02
SHP-1072,2025-02-08,West,WH-D,Road,Express,9.148605330905168,430.33831102887336,6.298600774755682,795.2149919216344,4.5,False,1.7986007747556823,86.92199118430605,2025-02
SHP-0909,2025-02-08,West,WH-B,Road,Standard,13.250507374151967,208.36798908718774,6.898703616439135,306.8111706705906,8.0,True,0.0,23.154673402853494,2025-02
SHP-0961,2025-02-09,West,WH-A,Road,Express,8.669515123667662,672.5470483866311,4.342559520030904,766.1225786628669,4.5,True,0.0,88.36971476886434,2025-02
SHP-0109,2025-02-10,West,WH-C,Road,Standard,7.8226004510372915,220.83204912478428,7.993382144385099,546.1341667890932,8.0,True,0.0,69.81491259938693,2025-02
SHP-0700,2025-02-10,East,WH-D,Road,Standard,9.572931157353008,270.5469501068025,9.897374174249656,638.8361419700085,8.0,False,1.8973741742496557,66.73359825421035,2025-02
SHP-0091,2025-02-10,North,WH-A,Road,Standard,15.699306501002052,373.1588653372062,9.294298249670456,847.760764769162,8.0,False,1.2942982496704563,53.999886218862684,2025-02
SHP-0933,2025-02-11,West,WH-B,Rail,Standard,26.925092644383216,867.6045680250506,10.897452438138043,1469.362655386094,8.0,False,2.8974524381380427,54.57224139552272,2025-02
SHP-1052,2025-02-11,South,WH-D,Air,Standard,20.347934869629402,452.4767942719097,4.914457211739303,1585.1453019956589,8.0,True,0.0,77.9020235788935,2025-02
SHP-0137,2025-02-11,East,WH-B,Road,Express,9.138779266209008,602.867206359983,4.922269577842988,910.991656699562,4.5,False,0.4222695778429877,99.68417336306491,2025-02
SHP-1077,2025-02-11,West,WH-D,Rail,Standard,26.066036512524008,253.6232639123854,8.895640253607985,678.5938349713684,8.0,False,0.8956402536079846,26.033640927546575,2025-02
SHP-0589,2025-02-11,East,WH-C,Road,Express,11.661441826148645,366.84610936931114,3.6900619911353827,852.5500335028273,4.5,True,0.0,73.10845830325546,2025-02
SHP-0516,2025-02-12,West,WH-C,Air,Standard,28.474687929553333,238.7919672820816,4.199876281071747,1312.3822305640697,8.0,True,0.0,46.08943331744027,2025-02
SHP-0821,2025-02-12,East,WH-A,Rail,Standard,10.222685464992534,118.1769319387578,7.438252661110544,376.9175868118007,8.0,True,0.0,36.87070174491336,2025-02
SHP-0167,2025-02-13,East,WH-D,Road,Express,9.979170661542934,953.9251614137637,6.493473208764235,1186.041671921925,4.5,False,1.993473208764235,118.85172747797706,2025-02
SHP-0071,2025-02-13,East,WH-A,Road,Standard,24.509737695820327,586.2408786695719,8.89487034439049,1453.7672786811083,8.0,False,0.8948703443904904,59.3138652368777,2025-02
SHP-0657,2025-02-13,East,WH-D,Road,Standard,9.832012387518958,374.98186237443986,9.356480111405606,537.8441946487816,8.0,False,1.356480111405606,54.70336828821907,2025-02
SHP-0517,2025-02-13,West,WH-B,Road,Standard,29.69003055167389,524.5280778587543,9.282564350274068,1259.552399897008,8.0,False,1.2825643502740682,42.423412050884394,2025-02
SHP-0161,2025-02-14,North,WH-A,Air,Standard,13.206711758426474,270.67059181128195,6.821328879471585,819.3812100690095,8.0,True,0.0,62.04278741422577,2025-02
SHP-0334,2025-02-15,North,WH-D,Road,Express,8.95432893238327,356.7595226355368,3.4973479897230737,790.662224613525,4.5,True,0.0,88.29943936436158,2025-02
SHP-0708,2025-02-15,East,WH-D,Road,Standard,4.091648640202027,168.39825744200752,6.207025045520376,315.87229757804937,8.0,True,0.0,77.19927231152796,2025-02
SHP-0854,2025-02-15,North,WH-A,Road,Express,8.017172504087975,856.9675656553425,6.16292901148453,853.4974825422514,4.5,False,1.6629290114845299,106.45866508510962,2025-02
SHP-0422,2025-02-16,West,WH-D,Air,Standard,7.330444463717375,382.33616256379054,6.74223554662668,804.3454341958999,8.0,True,0.0,109.72669367827181,2025-02
SHP-0991,2025-02-16,West,WH-C,Road,Standard,19.40665815995037,191.51635890050537,7.841994227548688,615.3746956248885,8.0,True,0.0,31.709462317156735,2025-02
SHP-0862,2025-02-16,South,WH-A,Rail,Standard,11.098722674204254,196.54892734779904,9.236321922955485,437.1935049149957,8.0,False,1.2363219229554847,39.39133517869805,2025-02
SHP-0673,2025-02-16,West,WH-C,Road,Standard,11.017103306346392,660.3775921135576,8.001891574144766,833.7632438479964,8.0,False,0.0018915741447660395,75.67898935536965,2025-02
SHP-1109,2025-02-16,South,WH-A,Rail,Express,9.084042017757374,788.6017597389641,6.235459705990846,660.0167444421528,4.5,False,1.7354597059908459,72.65672518378494,2025-02
SHP-0471,2025-02-16,North,WH-D,Road,Standard,16.3800915147098,597.9159173032564,10.807856296439551,894.8082933842174,8.0,False,2.8078562964395513,54.62779573488057,2025-02
SHP-0870,2025-02-17,East,WH-D,Road,Standard,14.377531451050366,330.0284620678442,6.55909967531864,566.5673197204203,8.0,True,0.0,39.40643925206153,2025-02
SHP-0453,2025-02-17,East,WH-C,Rail,Express,9.746493170443237,641.8915996639781,7.951966925541857,816.3783891148653,4.5,False,3.451966925541857,83.76124364305477,2025-02
SHP-0116,2025-02-17,South,WH-C,Road,Standard,12.907158703874547,282.9321735714832,7.276586482246182,454.6325040632557,8.0,True,0.0,35.22328302407728,2025-02
SHP-0030,2025-02-18,West,WH-D,Road,Standard,17.363389548986092,533.9405508064527,8.802817919506664,1006.127172037609,8.0,False,0.8028179195066638,57.94532048014555,2025-02
SHP-0329,2025-02-18,North,WH-C,Road,Express,5.053750317595892,1500.0,8.529636621001524,1099.0320908277727,4.5,False,4.029636621001524,217.4686167223613,2025-02
SHP-0062,2025-02-19,North,WH-B,Road,Express,7.752024184715328,359.82392132855006,5.320150646322924,748.1047769812526,4.5,False,0.820150646322924,96.50444311774612,2025-02
SHP-0757,2025-02-20,South,WH-C,Road,Standard,13.584690408366757,453.29110532840934,8.812155948284,818.5424859798336,8.0,False,0.8121559482839995,60.254776617926936,2025-02
SHP-0395,2025-02-20,East,WH-B,Air,Standard,9.402605628223883,374.74693890424527,5.947185295725852,814.2848298408132,8.0,True,0.0,86.60204011923753,2025-02
SHP-0841,2025-02-20,South,WH-D,Road,Standard,26.50966694333314,350.05675147103346,8.251285794169451,961.269158428001,8.0,False,0.2512857941694513,36.26108017436818,2025-02
SHP-0805,2025-02-20,North,WH-C,Road,Standard,5.233850777727074,226.17000540904365,9.012547530743092,510.6017235838717,8.0,False,1.0125475307430918,97.55756235098717,2025-02
SHP-1152,2025-02-20,North,WH-B,Air,Standard,14.459056212501782,677.7065008684274,4.7661590008636985,1744.8786931138509,8.0,True,0.0,120.67721900169187,2025-02
SHP-0314,2025-02-20,East,WH-B,Rail,Standard,11.144880112311341,357.62660433811413,10.219513775274978,454.6997076931466,8.0,False,2.2195137752749776,40.79897702899975,2025-02
SHP-0037,2025-02-20,East,WH-B,Road,Express,15.918493427122156,332.2915069299573,7.501804561132377,1130.8359662268758,4.5,False,3.001804561132377,71.0391326543592,2025-02
SHP-0198,2025-02-21,West,WH-C,Road,Standard,18.076947368926753,566.6953958313545,9.340958909424723,1167.5326527315378,8.0,False,1.3409589094247227,64.58682591168353,2025-02
SHP-0143,2025-02-21,North,WH-D,Road,Standard,10.994010879535614,652.1227113564674,7.8096330539347045,790.1409954769588,8.0,True,0.0,71.87013039506236,2025-02
SHP-0576,2025-02-21,West,WH-A,Road,Standard,12.909712687737693,109.66722385966882,6.676689757973448,347.4118350961309,8.0,True,0.0,26.91088822031806,2025-02
SHP-0817,2025-02-22,East,WH-A,Road,Express,26.047378591925174,606.4825168157998,7.638309909131604,1684.5174422896896,4.5,False,3.1383099091316042,64.67128491816443,2025-02
SHP-0055,2025-02-22,East,WH-C,Road,Express,18.389314217807573,390.9193142106075,6.90823351472559,1159.4844028092155,4.5,False,2.40823351472559,63.05207410542863,2025-02
SHP-0086,2025-02-22,North,WH-B,Road,Standard,19.519883959553663,834.6058371014133,9.739119534999245,1493.468596961852,8.0,False,1.7391195349992454,76.51011655891018,2025-02
SHP-0216,2025-02-22,South,WH-A,Road,Standard,13.060094252660493,1017.5128968014882,7.008585634994008,1098.8624814473837,8.0,True,0.0,84.13893959636108,2025-02
SHP-0413,2025-02-22,North,WH-D,Road,Express,14.225044215161759,348.4382518222431,6.54671443514834,851.525806057637,4.5,False,2.04671443514834,59.8610305302277,2025-02
SHP-0749,2025-02-22,South,WH-D,Air,Standard,13.904337604227592,947.057320920203,6.029879205534625,2344.06979717044,8.0,True,0.0,168.5855064722917,2025-02
SHP-0582,2025-02-22,South,WH-B,Air,Standard,47.793949181343685,789.7250003396964,8.598399605606149,6013.352821630958,8.0,False,0.5983996056061489,125.81828713954158,2025-02
SHP-0210,2025-02-23,North,WH-A,Road,Standard,9.8826070989937,350.74875961278536,8.84479312020888,628.3895214872464,8.0,False,0.8447931202088803,63.585399600802944,2025-02
SHP-0065,2025-02-23,South,WH-B,Rail,Standard,15.51159729268897,671.8473163079805,7.832589180301811,639.0552867941506,8.0,True,0.0,41.19854807572618,2025-02
SHP-0774,2025-02-23,South,WH-D,Road,Standard,16.098245001927037,485.6628214478424,7.030770835537108,813.1849510380197,8.0,True,0.0,50.5138883735884,2025-02
SHP-0278,2025-02-23,West,WH-D,Road,Standard,12.460528338504231,738.7642319412008,7.580243187472009,863.2793910346556,8.0,True,0.0,69.28112256420455,2025-02
SHP-0410,2025-02-23,East,WH-A,Road,Express,6.09332688813452,170.7073883786516,6.083388584826535,794.3410429237151,4.5,False,1.583388584826535,130.36245346865078,2025-02
SHP-0679,2025-02-23,North,WH-D,Rail,Standard,15.894112594925984,143.7631367822737,9.780725341578021,508.0066559916223,8.0,False,1.7807253415780213,31.961938922830942,2025-02
SHP-0356,2025-02-23,West,WH-B,Road,Standard,10.168664522381498,664.8447989696251,7.269894371436599,586.975710066296,8.0,True,0.0,57.723972383428226,2025-02
SHP-1167,2025-02-24,South,WH-D,Rail,Express,10.73799318469434,230.46385591654763,5.726325026538885,510.6370377216363,4.5,False,1.226325026538885,47.55423373237797,2025-02
SHP-0039,2025-02-24,North,WH-C,Air,Standard,9.261511578126148,329.0193579601101,4.459953681643821,789.873519790644,8.0,True,0.0,85.28559437923377,2025-02
SHP-0866,2025-02-25,North,WH-B,Road,Standard,17.238726079755022,682.7889894133277,9.916845538682809,1019.7086344204093,8.0,False,1.916845538682809,59.152203573670356,2025-02
SHP-0884,2025-02-25,North,WH-D,Road,Express,8.241314232529158,283.0391391461604,4.925540541220412,708.4051708671593,4.5,False,0.4255405412204123,85.95779154628333,2025-02
SHP-0585,2025-02-26,West,WH-D,Road,Standard,31.284937323562602,403.76483921078005,7.6780303424347185,976.7398874118136,8.0,True,0.0,31.2207717506332,2025-02
SHP-0645,2025-02-27,South,WH-A,Road,Express,8.399941815486633,143.11317982039222,3.723185430999237,545.7882906351059,4.5,True,0.0,64.97524657002482,2025-02
SHP-0437,2025-02-27,North,WH-C,Road,Standard,8.148698273838802,260.73940605098664,6.776967922213689,484.3980836811277,8.0,True,0.0,59.4448422806715,2025-02
SHP-0445,2025-02-27,South,WH-A,Road,Standard,18.522777418072167,173.1291756242602,7.261652464176216,532.6708325331747,8.0,True,0.0,28.757611264791333,2025-02
SHP-0403,2025-02-27,West,WH-B,Rail,Standard,20.67469842866612,409.1847743717504,8.991706266665924,515.1559577126674,8.0,False,0.9917062666659238,24.917217510577444,2025-02
SHP-0357,2025-02-27,West,WH-A,Road,Standard,19.415439399237844,353.0052670087091,7.058327231093843,761.156949254487,8.0,True,0.0,39.2036942148405,2025-02
SHP-0656,2025-02-27,East,WH-B,Road,Express,13.391168179723472,299.79936054770286,5.567694434990641,839.6366171201994,4.5,False,1.0676944349906412,62.70077455912722,2025-02
SHP-0031,2025-02-28,South,WH-D,Rail,Standard,12.570353261402154,469.05677712740345,10.159426580012754,574.9202925722508,8.0,False,2.159426580012754,45.73620809349646,2025-02
SHP-0414,2025-03-01,North,WH-B,Road,Standard,12.553734180418228,602.3596210954182,7.687190244332841,781.7892541978383,8.0,True,0.0,62.27543477997978,2025-03
SHP-1032,2025-03-01,North,WH-B,Road,Express,19.29474878781791,361.77089548804116,6.354707294954278,1110.558786766472,4.5,False,1.8547072949542782,57.55756651611051,2025-03
SHP-0263,2025-03-01,West,WH-C,Road,Express,47.63675352044827,320.6878829024474,6.705627103714926,1459.7426945771804,4.5,False,2.205627103714926,30.643202710079304,2025-03
SHP-0871,2025-03-02,North,WH-B,Road,Standard,14.283662968931182,243.7218245622955,8.596140764315662,638.40686276717,8.0,False,0.5961407643156615,44.69489823134217,2025-03
SHP-0839,2025-03-02,North,WH-D,Road,Express,5.62439087174636,223.28989582916054,5.467045597378079,697.6146842723541,4.5,False,0.9670455973780792,124.03381987136792,2025-03
SHP-1048,2025-03-03,North,WH-C,Road,Standard,17.171723094842815,113.53581571032574,8.243382130417658,376.41200872851607,8.0,False,0.24338213041765755,21.920456476587603,2025-03
SHP-0117,2025-03-03,South,WH-C,Road,Standard,9.225521556488232,274.5209231837892,6.529899532225355,360.54793917106656,8.0,True,0.0,39.08157787756685,2025-03
SHP-0562,2025-03-03,North,WH-B,Road,Express,9.665182964738255,269.97687008247857,4.3268558016022745,767.7504628252331,4.5,True,0.0,79.43465381113194,2025-03
SHP-0974,2025-03-03,North,WH-A,Road,Standard,12.666309667630877,455.32204440436595,7.026657342816808,567.593387786752,8.0,True,0.0,44.81126726573356,2025-03
SHP-0162,2025-03-03,East,WH-D,Road,Standard,10.801582566243518,714.4524073730906,9.36972794130945,817.889340927598,8.0,False,1.3697279413094492,75.7193990706157,2025-03
SHP-0102,2025-03-04,East,WH-B,Road,Standard,10.856280149979575,553.2044146635789,8.277063848901197,886.2953624372849,8.0,False,0.2770638489011965,81.63895461365303,2025-03
SHP-0139,2025-03-04,South,WH-D,Rail,Standard,17.29094047618325,380.8429434645197,7.5726948393834315,601.2030309431565,8.0,True,0.0,34.769828267656166,2025-03
SHP-1198,2025-03-04,North,WH-D,Air,Express,13.405205214144098,357.91029943354516,3.771235330948489,1279.493655703423,4.5,True,0.0,95.44752469387069,2025-03
SHP-1064,2025-03-04,North,WH-B,Road,Standard,18.076198986878136,415.787818530791,8.868275442011498,771.0487504851004,8.0,False,0.8682754420114982,42.65546927453165,2025-03
SHP-1176,2025-03-04,South,WH-D,Road,Standard,15.66999478877099,1130.96987564366,8.938926658167155,1579.5787921831557,8.0,False,0.9389266581671549,100.80276435797354,2025-03
SHP-0732,2025-03-04,North,WH-C,Road,Standard,4.369825934207022,1047.272845175181,8.28011441458979,604.9450252423918,8.0,False,0.28011441458978936,138.436870106628,2025-03
SHP-0398,2025-03-04,South,WH-B,Road,Standard,52.0370174727399,832.5696619696431,11.434188062777103,3112.99009070184,8.0,False,3.4341880627771033,59.822607864346,2025-03
SHP-0513,2025-03-06,South,WH-B,Rail,Standard,7.639217808935197,516.9378285115233,9.93654284303867,690.170738192883,8.0,False,1.9365428430386693,90.3457337458851,2025-03
SHP-0095,2025-03-06,North,WH-C,Rail,Express,16.051503912989563,118.9272732722816,7.7275074604267635,782.1141621925618,4.5,False,3.2275074604267635,48.72528869769278,2025-03
SHP-0724,2025-03-06,South,WH-B,Road,Standard,4.622056955196187,427.6857299476253,6.0773005380954315,581.9901127538936,8.0,True,0.0,125.91582457667717,2025-03
SHP-0159,2025-03-07,West,WH-B,Road,Standard,28.305885555659426,483.74660501506304,9.041909938210523,1155.5906680677738,8.0,False,1.041909938210523,40.82510210802174,2025-03
SHP-0785,2025-03-07,North,WH-B,Road,Standard,14.139225754136895,901.4638324253552,8.420405036768331,1183.4288067789091,8.0,False,0.4204050367683312,83.6982750935042,2025-03
SHP-1075,2025-03-08,South,WH-A,Road,Express,11.604720280249444,491.6312869711795,5.397569872055771,693.7967156187436,4.5,False,0.8975698720557714,59.78573363802186,2025-03
SHP-0921,2025-03-08,South,WH-C,Road,Standard,16.23870185173712,966.8591848972798,7.609783800260902,1198.6286721797728,8.0,True,0.0,73.81308451399092,2025-03
SHP-0299,2025-03-09,South,WH-B,Road,Standard,11.24862511158489,305.45963093660885,8.922663880245343,489.2313907172042,8.0,False,0.9226638802453433,43.49255005514832,2025-03
SHP-0920,2025-03-09,East,WH-B,Rail,Standard,12.337837253943333,323.1091969918938,10.182786575030537,576.3258829256918,8.0,False,2.182786575030537,46.71206720136388,2025-03
SHP-0470,2025-03-10,West,WH-B,Air,Express,27.877028782925933,907.8541142095869,3.6442319046031724,4444.670353528332,4.5,True,0.0,159.43845336381742,2025-03
SHP-1121,2025-03-10,North,WH-B,Road,Standard,7.471090211944,282.9530509762083,9.089041655195336,550.4045709110586,8.0,False,1.0890416551953361,73.67125215957493,2025-03
SHP-0814,2025-03-10,South,WH-A,Air,Standard,9.474955768128407,423.312371328369,6.494252289288387,914.234371900193,8.0,True,0.0,96.48956620731352,2025-03
SHP-0459,2025-03-10,East,WH-A,Air,Express,20.18446977539968,1500.0,6.955255351015777,5096.25797688018,4.5,False,2.4552553510157766,252.48411444978206,2025-03
SHP-1022,2025-03-10,East,WH-A,Road,Express,31.506912903453266,129.6446371366938,5.93365918457321,906.2283219324123,4.5,False,1.4336591845732096,28.76284086318995,2025-03
SHP-0579,2025-03-10,South,WH-C,Rail,Express,19.145167707158322,273.4569267949426,5.76382129443326,848.5727262879984,4.5,False,1.26382129443326,44.3230761551762,2025-03
SHP-0947,2025-03-11,East,WH-B,Road,Standard,6.664061396919803,565.9700474680662,10.53351515100546,747.2650859912281,8.0,False,2.53351515100546,112.13358363364144,2025-03
SHP-0628,2025-03-11,South,WH-B,Road,Standard,13.80124094912778,666.9644242068373,7.222894008908533,877.4373860276122,8.0,True,0.0,63.5767022155399,2025-03
SHP-0005,2025-03-13,North,WH-B,Rail,Standard,5.455739986747234,446.0846935229477,8.638360956883375,467.3526996154704,8.0,False,0.6383609568833748,85.66256836849564,2025-03
SHP-0765,2025-03-13,North,WH-D,Road,Standard,9.653829300493229,229.1359582697055,7.635303144538094,257.3883996008526,8.0,True,0.0,26.66179311744224,2025-03
SHP-0859,2025-03-14,West,WH-B,Road,Standard,8.2251591863956,836.1107144028131,8.343537537268551,789.9669913996936,8.0,False,0.34353753726855096,96.04276020654989,2025-03
SHP-0603,2025-03-15,East,WH-A,Rail,Standard,18.918568175842406,544.5991733283635,11.030946418767897,899.345859043798,8.0,False,3.030946418767897,47.53773386466928,2025-03
SHP-0786,2025-03-16,East,WH-A,Rail,Express,20.303774289893084,621.4226335631396,5.31306778147788,1237.68750172868,4.5,False,0.81306778147788,60.95849392616536,2025-03
SHP-1180,2025-03-16,East,WH-A,Rail,Standard,15.091753935815959,488.1932460956323,9.79488656752843,768.9196081124352,8.0,False,1.7948865675284296,50.94965180207614,2025-03
SHP-0968,2025-03-16,North,WH-B,Road,Standard,6.654383067052442,438.39281536016506,8.372496704878435,480.0405219480278,8.0,False,0.37249670487843467,72.1389972760708,2025-03
SHP-0536,2025-03-16,West,WH-B,Road,Express,47.73478127637774,283.4771088703382,4.795787733653322,1399.9682089187506,4.5,False,0.2957877336533219,29.32805328703885,2025-03
SHP-0282,2025-03-16,West,WH-A,Rail,Standard,21.689142660497325,579.8298491647207,9.920874950626988,824.091588394305,8.0,False,1.9208749506269882,37.99558153560547,2025-03
SHP-1027,2025-03-17,North,WH-D,Road,Standard,37.63409758460373,904.3365428594369,10.039464917737726,2532.154566654238,8.0,False,2.0394649177377264,67.28352024282769,2025-03
SHP-0571,2025-03-17,North,WH-A,Rail,Standard,44.80848746985979,306.0045465911114,10.082134646390124,937.2662271876723,8.0,False,2.0821346463901236,20.917158335641652,2025-03
SHP-0463,2025-03-17,North,WH-A,Road,Standard,22.976260022410216,659.2428730148746,9.088160772654382,1434.1578900693532,8.0,False,1.0881607726543816,62.41911819724043,2025-03
SHP-0601,2025-03-17,West,WH-D,Road,Standard,6.559278143006202,278.0702063708236,7.496950684184989,403.6865205737104,8.0,True,0.0,61.544351645483914,2025-03
SHP-0856,2025-03-19,North,WH-A,Rail,Standard,7.475960006768843,338.599399407788,8.513428602858614,470.3655912746973,8.0,False,0.5134286028586139,62.91708233441878,2025-03
SHP-0755,2025-03-19,West,WH-A,Road,Standard,7.2846729259197085,459.78842648745064,8.717031639609832,506.98870664370827,8.0,False,0.7170316396098322,69.59663279318744,2025-03
SHP-0888,2025-03-19,West,WH-A,Air,Express,16.204644802294045,247.44619929550734,3.8718147782651453,911.3276661539775,4.5,True,0.0,56.23866966988153,2025-03
SHP-1047,2025-03-19,North,WH-A,Road,Express,18.854062317230742,554.7311371492852,8.70635123616202,1241.296546911009,4.5,False,4.2063512361620194,65.83708730911466,2025-03
SHP-0664,2025-03-21,South,WH-B,Road,Standard,9.260899480221378,450.34532082608246,7.674331630377957,557.3102146560541,8.0,True,0.0,60.17884287010227,2025-03
SHP-0104,2025-03-22,West,WH-A,Road,Standard,15.612787674179996,680.6078803232352,8.43382110465145,818.7714492938552,8.0,False,0.4338211046514502,52.4423611196556,2025-03
SHP-0204,2025-03-22,East,WH-A,Air,Express,7.632668443551523,236.79020322680253,3.943391733129631,839.5113799608632,4.5,True,0.0,109.98923720709057,2025-03
SHP-0061,2025-03-22,North,WH-C,Air,Standard,11.613232355738994,475.002668718839,5.4342275771503985,1173.561697063558,8.0,True,0.0,101.05383764956797,2025-03
SHP-0806,2025-03-22,West,WH-C,Road,Standard,38.95568144695924,1146.9259938000932,12.288609682835325,3189.560705904666,8.0,False,4.288609682835325,81.87665027108987,2025-03
SHP-0711,2025-03-23,West,WH-B,Road,Standard,19.82671380850917,100.6785638610392,7.971264547704306,582.1917242102833,8.0,True,0.0,29.364005040533748,2025-03
SHP-0752,2025-03-24,West,WH-C,Air,Standard,20.18580953377433,362.23258660327843,5.335709387872806,1225.813881833058,8.0,True,0.0,60.72651581211349,2025-03
SHP-0932,2025-03-24,West,WH-B,Road,Express,12.971540796233986,316.47121003117775,3.857780702633063,716.9156776063289,4.5,True,0.0,55.26835160665495,2025-03
SHP-1011,2025-03-25,South,WH-A,Road,Standard,4.340420421247161,1132.3514189399095,8.426226748937562,638.2486509392206,8.0,False,0.4262267489375624,147.04765644702883,2025-03
SHP-0563,2025-03-25,North,WH-D,Rail,Express,4.024448053308238,230.65047797603384,5.721079129178331,504.5019913712965,4.5,False,1.2210791291783307,125.35930012976017,2025-03
SHP-0754,2025-03-26,North,WH-D,Road,Standard,9.696050043412516,917.8541620260022,9.136123986325785,994.0311377084288,8.0,False,1.136123986325785,102.519183921062,2025-03
SHP-1089,2025-03-27,East,WH-B,Air,Standard,25.10763075881821,469.754681040603,8.92089093865324,2090.7301310885423,8.0,False,0.9208909386532405,83.27070567398096,2025-03
SHP-0466,2025-03-27,West,WH-A,Road,Express,26.075858099297974,889.1704477875776,5.206956382630088,2030.9427511805056,4.5,False,0.7069563826300884,77.88594121990499,2025-03
SHP-0912,2025-03-27,North,WH-D,Rail,Standard,5.62040841102926,89.74606057564158,6.466207957876824,301.2096020834706,8.0,True,0.0,53.59212001255802,2025-03
SHP-0157,2025-03-27,West,WH-C,Road,Express,13.293978424319805,294.81991349187615,3.49057008681707,752.7443417094133,4.5,True,0.0,56.62295497127889,2025-03
SHP-0012,2025-03-29,West,WH-C,Road,Standard,6.779960668239619,1500.0,10.341839882477789,927.175310831073,8.0,False,2.341839882477789,136.752314091493,2025-03
SHP-0049,2025-03-30,North,WH-D,Rail,Express,5.360334530901902,108.15926114856823,4.741403039323019,529.649151541787,4.5,False,0.24140303932301865,98.80897329978228,2025-03
SHP-1050,2025-03-30,West,WH-D,Road,Express,5.988795682382973,179.92547593682497,4.7769421374381205,580.388406241069,4.5,False,0.27694213743812046,96.91237387650023,2025-03
SHP-1053,2025-03-30,West,WH-C,Road,Standard,7.18380353910646,266.98071176275505,6.586283498148265,449.6428326242946,8.0,True,0.0,62.591192837690315,2025-03
SHP-0454,2025-03-30,East,WH-A,Road,Standard,6.790870697716455,378.52418434194686,7.847381883690833,484.499096765264,8.0,True,0.0,71.34565188057329,2025-03
SHP-0692,2025-03-31,East,WH-B,Road,Standard,13.707099291006731,236.8236793875355,8.91452517215609,665.5868537206156,8.0,False,0.9145251721560896,48.557819534969674,2025-03
SHP-0993,2025-03-31,East,WH-C,Rail,Standard,6.09595119230303,348.0631905163176,8.589107041022976,246.87310935510743,8.0,False,0.5891070410229755,40.49788155568214,2025-03
SHP-0530,2025-03-31,North,WH-B,Air,Standard,11.811068457855312,698.227752661778,6.48817135886638,1763.3827804084783,8.0,True,0.0,149.2991753202215,2025-03
SHP-1179,2025-03-31,North,WH-C,Rail,Standard,13.919234719860318,478.07898007866334,8.679363596395035,477.5006695704059,8.0,False,0.6793635963950351,34.30509501280956,2025-03
SHP-0527,2025-03-31,East,WH-D,Road,Standard,6.6267763479874615,499.23564470539026,8.046085370665429,591.9485922907046,8.0,False,0.046085370665428727,89.3267799011322,2025-03
SHP-0634,2025-04-01,South,WH-A,Road,Express,16.90757250092914,1036.7321335691177,7.6629395328054075,1739.3723916939357,4.5,False,3.1629395328054075,102.87534722080002,2025-04
SHP-1150,2025-04-02,West,WH-C,Rail,Standard,21.838487853084658,1474.328511723119,12.017082944874202,1418.2581702172579,8.0,False,4.017082944874202,64.94305740206875,2025-04
SHP-0057,2025-04-02,South,WH-B,Road,Standard,6.66689101408119,312.9209084848997,7.2467953799018865,329.29343198183744,8.0,True,0.0,49.392352640283804,2025-04
SHP-0844,2025-04-02,West,WH-D,Road,Standard,19.440401048570305,368.66674262470855,7.392708855814293,750.0658938723673,8.0,True,0.0,38.58284054934808,2025-04
SHP-0436,2025-04-02,North,WH-C,Rail,Standard,18.170188614361894,750.8190116766829,8.574365527380204,868.0969262956378,8.0,False,0.5743655273802037,47.77588965749566,2025-04
SHP-0389,2025-04-02,West,WH-B,Road,Express,18.67292027070246,86.33945402557298,5.348809215063881,695.4719521574108,4.5,False,0.8488092150638806,37.244948410592,2025-04
SHP-0529,2025-04-03,North,WH-D,Rail,Standard,14.995134199994219,775.4704282751644,9.57445685464119,682.3103937603605,8.0,False,1.5744568546411895,45.502119865030856,2025-04
SHP-0837,2025-04-03,North,WH-A,Road,Standard,30.433799580821084,637.4483831407666,8.071932750295163,1448.8410306898581,8.0,False,0.07193275029516322,47.6063143822139,2025-04
SHP-1019,2025-04-04,West,WH-D,Road,Standard,10.42959425205995,1162.8116334065717,8.873425188263525,954.8663684502969,8.0,False,0.8734251882635249,91.5535490042387,2025-04
SHP-0973,2025-04-04,North,WH-C,Road,Standard,21.76164058640922,188.4273645198623,7.433940557305694,459.36435322514916,8.0,True,0.0,21.108902676760298,2025-04
SHP-0472,2025-04-04,West,WH-C,Air,Standard,9.72131833759823,180.20112670882884,4.404718277161603,672.2158961812353,8.0,True,0.0,69.14863528142772,2025-04
SHP-1020,2025-04-05,West,WH-D,Air,Standard,9.726860678354962,377.6829679119633,5.94473579687269,733.5961815712868,8.0,True,0.0,75.41962466921599,2025-04
SHP-0764,2025-04-05,South,WH-C,Air,Standard,9.690492375932388,131.44784859233715,4.7872218599918055,570.7961647615309,8.0,True,0.0,58.902699947339954,2025-04
SHP-1114,2025-04-05,West,WH-C,Road,Express,18.73493974966918,295.71008810375037,5.013916931764007,755.6443770375788,4.5,False,0.5139169317640073,40.333429791303274,2025-04
SHP-0828,2025-04-05,West,WH-B,Rail,Express,18.40237788512615,862.6985628069286,7.476230493482986,1084.2854998126154,4.5,False,2.976230493482986,58.92094524854838,2025-04
SHP-0954,2025-04-05,East,WH-C,Road,Standard,24.11049125953902,456.5733968586457,7.981856692394906,993.7021640320954,8.0,True,0.0,41.21451335583838,2025-04
SHP-0520,2025-04-05,East,WH-C,Road,Express,4.06639219291031,316.1489105323411,5.354737197571461,499.0941582032259,4.5,False,0.8547371975714606,122.73635560125966,2025-04
SHP-0343,2025-04-05,East,WH-C,Air,Standard,16.733314881990342,339.47007847239036,7.565662034686837,1160.7877444707847,8.0,True,0.0,69.36986201820132,2025-04
SHP-0494,2025-04-06,West,WH-B,Road,Standard,6.1470000508633476,439.4294775320945,7.000674435629175,397.1556328168972,8.0,True,0.0,64.60966805443846,2025-04
SHP-0144,2025-04-06,North,WH-D,Road,Standard,26.054763502380137,467.58401002998994,8.720782707622122,1010.6511580207856,8.0,False,0.7207827076221225,38.78949651292982,2025-04
SHP-0450,2025-04-06,North,WH-C,Road,Standard,10.430168922723293,454.70739731013487,6.169983116516263,582.3314011637025,8.0,True,0.0,55.83144486711315,2025-04
SHP-0193,2025-04-06,North,WH-D,Air,Standard,5.953596497485831,502.8545351436977,5.357206181582297,623.0254630518923,8.0,True,0.0,104.64690768260702,2025-04
SHP-0547,2025-04-06,West,WH-C,Road,Standard,10.144504952409621,432.3787680148261,7.567743269551864,385.5129804930166,8.0,True,0.0,38.00214818776798,2025-04
SHP-0321,2025-04-07,West,WH-B,Road,Standard,4.0,262.74575031417277,7.777182995020039,300.33685027329153,8.0,True,0.0,75.08421256832288,2025-04
SHP-0234,2025-04-07,North,WH-A,Road,Standard,7.594809674311821,356.3478948000216,8.748940423102654,465.7779065996579,8.0,False,0.7489404231026544,61.328450161835406,2025-04
SHP-1085,2025-04-07,West,WH-B,Rail,Express,6.502344592881758,674.3652797447069,5.753316017844229,544.4735075746122,4.5,False,1.253316017844229,83.73495126214287,2025-04
SHP-0738,2025-04-08,East,WH-A,Road,Standard,12.519519948258498,631.8633524359664,8.041224825064432,805.9282774412397,8.0,False,0.04122482506443248,64.37373643494587,2025-04
SHP-0230,2025-04-08,South,WH-C,Road,Standard,8.717021678145596,939.2109884108346,7.684431474676405,528.9966354954518,8.0,True,0.0,60.68547894307717,2025-04
SHP-0793,2025-04-08,East,WH-C,Road,Standard,9.208232189594852,145.8744514523334,8.847174715692573,354.1872223466893,8.0,False,0.8471747156925726,38.46419324079544,2025-04
SHP-0336,2025-04-09,East,WH-D,Road,Standard,11.662259732685502,536.9815704505247,9.53548126091667,863.6060316609701,8.0,False,1.5354812609166704,74.05134609037772,2025-04
SHP-0344,2025-04-09,West,WH-A,Road,Express,4.383491419421836,468.3271366566612,6.083610593896686,547.5136469747788,4.5,False,1.5836105938966858,124.90355166407363,2025-04
SHP-0740,2025-04-09,East,WH-D,Road,Standard,9.251570918748994,288.4714673883582,9.241058213470115,533.0130499098595,8.0,False,1.2410582134701151,57.613248019281684,2025-04
SHP-0272,2025-04-09,North,WH-B,Rail,Standard,4.0,240.5319665597228,9.085669351174118,344.80215525335876,8.0,False,1.0856693511741184,86.20053881333969,2025-04
SHP-0257,2025-04-09,North,WH-B,Road,Express,9.165139291962973,250.93083978247324,4.284756842386992,829.6199932734876,4.5,True,0.0,90.51908179955234,2025-04
SHP-0580,2025-04-09,West,WH-D,Road,Standard,17.22116630651922,380.10769738006906,8.58541449107779,740.0497288105662,8.0,False,0.5854144910777901,42.97326415867746,2025-04
SHP-0545,2025-04-09,East,WH-C,Road,Express,19.97376982794503,341.7624608016896,5.433396719426046,1006.3721167878487,4.5,False,0.933396719426046,50.3846857882505,2025-04
SHP-0120,2025-04-09,West,WH-D,Rail,Standard,9.286387233201467,908.9849884091698,7.926581244649253,577.0969353698002,8.0,True,0.0,62.144397048888415,2025-04
SHP-0289,2025-04-09,South,WH-C,Road,Express,12.818513168189833,426.9506639844764,4.542102339934515,854.9157052870418,4.5,False,0.042102339934515065,66.693827440813,2025-04
SHP-0569,2025-04-10,East,WH-A,Rail,Standard,11.56220438117486,701.8495410914092,10.674298980472132,725.4049258051679,8.0,False,2.674298980472132,62.73932737136566,2025-04
SHP-0488,2025-04-10,West,WH-A,Air,Standard,11.437582920969774,313.3806661366886,4.338473998030504,806.124513290736,8.0,True,0.0,70.48032078637695,2025-04
SHP-0013,2025-04-10,North,WH-D,Road,Standard,20.44101931699562,496.7398916236131,7.582765242373011,905.402511555773,8.0,True,0.0,44.293413039484726,2025-04
SHP-0478,2025-04-10,West,WH-B,Road,Standard,4.0,352.66914612507344,7.201997638017568,272.0505568250828,8.0,True,0.0,68.0126392062707,2025-04
SHP-1160,2025-04-11,South,WH-C,Road,Standard,13.480404139837475,213.76032105311396,7.459060588613442,621.4602417289091,8.0,True,0.0,46.10100967910608,2025-04
SHP-1014,2025-04-11,West,WH-B,Road,Standard,14.690187123013883,63.947551124612794,8.00155405031916,496.4531496959801,8.0,False,0.001554050319159117,33.79488263415165,2025-04
SHP-0411,2025-04-11,West,WH-D,Road,Express,12.283669559251138,544.0147919090035,2.6337232851231036,870.8884475269276,4.5,True,0.0,70.89806863707432,2025-04
SHP-0934,2025-04-11,West,WH-D,Rail,Standard,5.573978484545678,536.2895085569029,8.500364290590587,246.64850193798367,8.0,False,0.5003642905905874,44.2499917467994,2025-04
SHP-0202,2025-04-11,West,WH-B,Road,Standard,41.896855340019144,297.84497591159976,8.159134238900846,1296.5495420699872,8.0,False,0.15913423890084566,30.94622571426132,2025-04
SHP-0126,2025-04-11,South,WH-D,Air,Standard,20.23450331923041,1104.3904777376827,7.696389322996573,3564.969401177868,8.0,True,0.0,176.18269867735287,2025-04
SHP-0510,2025-04-11,North,WH-D,Road,Express,15.179959343467667,519.6641529821657,5.839145001849089,1163.6611783166736,4.5,False,1.3391450018490891,76.65772694031801,2025-04
SHP-0417,2025-04-13,North,WH-A,Road,Standard,69.5658094842974,580.1924571841488,10.193735651050142,2878.535334968339,8.0,False,2.193735651050142,41.37859325302742,2025-04
SHP-0001,2025-04-13,North,WH-D,Rail,Standard,25.71844223265969,239.57236600685556,9.85293796599548,517.8606989364228,8.0,False,1.8529379659954799,20.135772386664797,2025-04
SHP-0787,2025-04-13,North,WH-C,Rail,Standard,12.108442127947818,401.21649614725686,9.213172455831236,697.9828301506817,8.0,False,1.213172455831236,57.64431318044201,2025-04
SHP-0008,2025-04-13,West,WH-D,Rail,Standard,35.41548584602599,678.9526638019217,8.607463503604722,1369.989207330988,8.0,False,0.6074635036047216,38.683337941126,2025-04
SHP-1057,2025-04-14,East,WH-C,Air,Standard,13.798499840281057,872.1905499334505,7.089840120871218,2143.3157039377857,8.0,True,0.0,155.32961762125362,2025-04
SHP-0369,2025-04-14,South,WH-A,Air,Express,8.0436245198135,891.9276224416478,4.98618013105153,1707.7840754898573,4.5,False,0.4861801310515297,212.31524063351654,2025-04
SHP-1070,2025-04-14,North,WH-B,Road,Express,9.133999581727572,267.69759631664095,4.244991867647962,631.4378184195529,4.5,True,0.0,69.13048470931996,2025-04
SHP-1071,2025-04-14,South,WH-A,Road,Standard,7.996534936757227,346.10311312812905,8.501404230642134,516.9742668160327,8.0,False,0.5014042306421338,64.6497853013417,2025-04
SHP-1137,2025-04-14,North,WH-C,Road,Standard,9.447522284954559,492.75060415204075,7.74563868471636,701.2414076794817,8.0,True,0.0,74.22490114643371,2025-04
SHP-1140,2025-04-14,West,WH-B,Rail,Standard,15.807103906349749,607.7805458710499,8.795386789108278,551.5987147230087,8.0,False,0.795386789108278,34.89562148708533,2025-04
SHP-0284,2025-04-14,West,WH-B,Road,Standard,13.048908010685885,165.54324821511725,6.213317540754912,371.0096327169258,8.0,True,0.0,28.43223604711614,2025-04
SHP-0532,2025-04-15,North,WH-D,Air,Express,31.49059070320324,148.8259230812262,2.6710317740545406,1478.2921802800636,4.5,True,0.0,46.94393300566734,2025-04
SHP-0739,2025-04-15,East,WH-B,Road,Standard,17.388553645111205,775.4057664831107,8.292216130495945,1178.5243022182926,8.0,False,0.2922161304959445,67.77586717510775,2025-04
SHP-0429,2025-04-16,East,WH-C,Road,Standard,8.013978093322494,288.93302479565045,8.86230360079204,635.8878689837815,8.0,False,0.8623036007920408,79.3473430522132,2025-04
SHP-0804,2025-04-16,East,WH-D,Air,Standard,8.531083501769965,928.7301748496742,7.03180896133621,1487.998137466863,8.0,True,0.0,174.4207681425395,2025-04
SHP-1149,2025-04-16,South,WH-D,Rail,Standard,11.38581927505494,224.85449583682018,9.40175586952309,422.82414831752465,8.0,False,1.4017558695230896,37.13603194491987,2025-04
SHP-0066,2025-04-16,West,WH-A,Road,Standard,7.8161606104880645,247.09785784245548,4.771937970101609,279.14111764326117,8.0,True,0.0,35.71332928710516,2025-04
SHP-0004,2025-04-17,West,WH-B,Road,Standard,6.152013366273367,279.93304271081985,6.172702464009502,377.7853110868394,8.0,True,0.0,61.40840219202676,2025-04
SHP-0868,2025-04-17,North,WH-B,Road,Standard,6.625224984872244,527.1773268184521,8.798643913079944,458.8407569723635,8.0,False,0.7986439130799443,69.2566302306806,2025-04
SHP-0166,2025-04-18,East,WH-D,Air,Express,12.08300214269181,1344.7158640193475,5.331173161173309,2843.081673459196,4.5,False,0.8311731611733091,235.2959670026032,2025-04
SHP-0415,2025-04-18,East,WH-C,Road,Standard,13.885073498413636,421.1503538625339,7.948658810286338,857.5935940750212,8.0,True,0.0,61.76370576453923,2025-04
SHP-0587,2025-04-19,North,WH-A,Road,Standard,16.852562103772897,189.6885666567149,7.715793746036891,558.8157057811952,8.0,True,0.0,33.15909488065849,2025-04
SHP-0923,2025-04-19,North,WH-B,Road,Standard,52.699049778814796,534.775159236308,9.232723513058476,2131.772562674023,8.0,False,1.2327235130584757,40.45182164804427,2025-04
SHP-1162,2025-04-20,North,WH-B,Road,Standard,4.0,797.2861845799051,9.244592467026152,584.5303174522146,8.0,False,1.244592467026152,146.13257936305365,2025-04
SHP-1079,2025-04-21,South,WH-A,Road,Standard,26.404370878219535,728.0712171886063,9.143423162452487,1460.5725422901057,8.0,False,1.1434231624524873,55.31555926957928,2025-04
SHP-0925,2025-04-21,North,WH-B,Rail,Standard,17.900069115107218,111.64136414945632,7.373859812683979,296.78722149522036,8.0,True,0.0,16.580227684413757,2025-04
SHP-0823,2025-04-21,West,WH-C,Air,Express,5.704359726749233,592.5331662779428,2.8324472329198027,901.8881377614159,4.5,True,0.0,158.10506015815005,2025-04
SHP-1139,2025-04-21,West,WH-D,Rail,Standard,8.46022557919395,444.50760613520754,8.492292889287516,434.94989603785893,8.0,False,0.4922928892875156,51.4111464246913,2025-04
SHP-0897,2025-04-21,South,WH-B,Rail,Standard,17.9497102130546,822.6090790953169,9.09514802756386,949.2625015603849,8.0,False,1.0951480275638605,52.88455859694036,2025-04
SHP-0927,2025-04-21,West,WH-C,Rail,Standard,9.276382630998604,570.9387005036187,8.975500142587983,395.2048181213661,8.0,False,0.9755001425879826,42.603332984640176,2025-04
SHP-0929,2025-04-21,South,WH-D,Air,Standard,7.769273668523444,213.926807996808,5.030947793503202,519.5642614819561,8.0,True,0.0,66.87423865462827,2025-04
SHP-0262,2025-04-22,West,WH-A,Road,Express,12.54295063101479,301.30963197230926,5.159861073874804,722.4308026146864,4.5,False,0.6598610738748043,57.59655952311103,2025-04
SHP-0948,2025-04-22,East,WH-D,Road,Standard,10.29308397632168,361.3420318865609,7.931848659007206,515.6512184580199,8.0,True,0.0,50.09686306302654,2025-04
SHP-0779,2025-04-22,East,WH-A,Road,Standard,7.164820868198455,477.94106804915924,7.257739048269743,313.8531173675148,8.0,True,0.0,43.80474029163426,2025-04
SHP-0288,2025-04-22,South,WH-D,Road,Standard,16.82208760962331,363.1272243818517,8.91262080856207,725.0000136811941,8.0,False,0.9126208085620693,43.0980999805546,2025-04
SHP-0989,2025-04-23,West,WH-C,Road,Standard,8.02179899950436,161.5481921646605,7.756601865384239,527.9389687119846,8.0,True,0.0,65.81303878900532,2025-04
SHP-0206,2025-04-23,East,WH-C,Road,Standard,8.23790434962632,116.53489593400873,5.777497385468825,439.05873780493897,8.0,True,0.0,53.29738234031027,2025-04
SHP-0203,2025-04-23,South,WH-D,Road,Standard,10.76808686247106,601.7462450496241,9.157053392093035,603.6724568031525,8.0,False,1.1570533920930348,56.061254381878356,2025-04
SHP-0196,2025-04-23,East,WH-D,Road,Standard,11.289123244944479,501.2353965595716,9.167399742675594,786.8174647882391,8.0,False,1.1673997426755935,69.696950570594,2025-04
SHP-0877,2025-04-23,North,WH-A,Rail,Express,9.522729686317756,679.9209671569502,6.186887800783985,788.1951251998318,4.5,False,1.6868878007839854,82.76987283722957,2025-04
SHP-0283,2025-04-23,West,WH-A,Road,Standard,8.289710231602704,344.6488455930402,7.644841331669225,401.601497020901,8.0,True,0.0,48.44578227715165,2025-04
SHP-0201,2025-04-23,East,WH-D,Rail,Standard,18.857148508541428,87.90581299248672,11.502601419557562,616.8143860112668,8.0,False,3.5026014195575623,32.7098440006387,2025-04
SHP-0535,2025-04-24,North,WH-A,Road,Standard,14.238197320406483,500.720057836628,8.071764406457858,597.3449901192232,8.0,False,0.07176440645785753,41.95369516779318,2025-04
SHP-0362,2025-04-24,North,WH-A,Road,Standard,11.175637322483698,782.0303371548683,9.81031255080835,956.2880838988948,8.0,False,1.8103125508083497,85.56899766020389,2025-04
SHP-1115,2025-04-25,West,WH-D,Road,Standard,14.882933277792485,642.7571380714558,6.827032725997678,768.7144997817219,8.0,True,0.0,51.650738831756804,2025-04
SHP-0531,2025-04-25,West,WH-B,Road,Standard,17.47311296109397,443.5155828832034,8.119286508647866,733.485214812787,8.0,False,0.11928650864786583,41.977935840395574,2025-04
SHP-0281,2025-04-26,West,WH-B,Air,Standard,15.029591890266964,399.7709000051194,7.748630006897573,1259.9598514157085,8.0,True,0.0,83.83194038899005,2025-04
SHP-0346,2025-04-26,West,WH-B,Road,Standard,19.231494469158598,394.11107079219136,7.771296529709005,735.0793235653623,8.0,True,0.0,38.22268335641848,2025-04
SHP-0178,2025-04-26,East,WH-D,Road,Standard,9.519879984419651,564.5974849685233,7.075157099408042,754.2477825784957,8.0,True,0.0,79.22870706489017,2025-04
SHP-0440,2025-04-27,South,WH-D,Rail,Standard,11.962637332159574,200.24319913612683,7.534136338140288,339.34270535462036,8.0,True,0.0,28.36688064114036,2025-04
SHP-1173,2025-04-27,West,WH-D,Road,Standard,15.337427613746586,254.85166306747516,6.0406324119333465,636.721352336018,8.0,True,0.0,41.51422053104519,2025-04
SHP-0654,2025-04-27,North,WH-A,Road,Standard,13.13582948516239,562.296674629873,7.833517254691455,725.9087196519089,8.0,True,0.0,55.261734363396,2025-04
SHP-0972,2025-04-28,West,WH-A,Road,Standard,18.370400039691948,357.9376538557967,7.901830224629243,817.9795412626471,8.0,True,0.0,44.52704021117026,2025-04
SHP-0983,2025-04-28,East,WH-D,Rail,Express,12.411548355951954,320.76182978621046,3.1581509586505137,800.0159978752143,4.5,True,0.0,64.45738879078426,2025-04
SHP-0770,2025-04-28,East,WH-A,Rail,Standard,7.684185265738927,447.4492781839362,9.967574032148116,501.21849675450255,8.0,False,1.967574032148116,65.22727907007385,2025-04
SHP-0452,2025-04-28,North,WH-A,Road,Standard,21.338973237067425,101.61037428807309,6.405794932111486,430.5056163863394,8.0,True,0.0,20.174617194726046,2025-04
SHP-1096,2025-04-28,West,WH-A,Road,Standard,26.587237008823767,1027.2129695253614,9.725093208196615,1914.3903176078777,8.0,False,1.7250932081966148,72.0041092262626,2025-04
SHP-0906,2025-04-29,South,WH-B,Road,Standard,11.010342789542412,546.8942471257153,8.403632894212157,819.3311691139749,8.0,False,0.40363289421215676,74.41468306437952,2025-04
SHP-0722,2025-04-29,North,WH-A,Road,Standard,34.494039969164696,501.46330384898187,9.846625598325407,1384.5196350369013,8.0,False,1.8466255983254065,40.13793792419116,2025-04
SHP-0433,2025-04-30,West,WH-A,Air,Standard,8.377297960631777,602.7291528441289,6.744503593651682,1210.6624447524136,8.0,True,0.0,144.5170567457184,2025-04
SHP-0279,2025-04-30,North,WH-B,Road,Standard,7.203978214430322,1056.9113275799668,8.014496735887121,738.6151424429042,8.0,False,0.014496735887121304,102.5287862424932,2025-04
SHP-0863,2025-05-01,South,WH-D,Road,Standard,5.581610380475212,490.9820433660742,9.198233624717686,482.2580090274529,8.0,False,1.1982336247176857,86.40123121356135,2025-05
SHP-0177,2025-05-01,North,WH-D,Rail,Standard,5.475504728611567,1278.4167228433964,11.014028475784627,358.419246041649,8.0,False,3.0140284757846274,65.45866797790785,2025-05
SHP-0689,2025-05-02,West,WH-B,Road,Standard,22.615478929224647,348.07113813775277,7.854123071060439,874.8733545740585,8.0,True,0.0,38.684714894253744,2025-05
SHP-0009,2025-05-02,South,WH-B,Road,Express,20.362763876285115,112.49290083575069,4.104756471103225,494.60467445918687,4.5,True,0.0,24.289663105862235,2025-05
SHP-0446,2025-05-02,South,WH-D,Air,Standard,17.85145086996146,182.60770765286568,6.1642230842677375,898.3495745851493,8.0,True,0.0,50.32361689417622,2025-05
SHP-0840,2025-05-02,East,WH-B,Road,Standard,7.729029527115533,538.9583779908809,10.472230350498611,656.8589971126978,8.0,False,2.472230350498611,84.98596037293663,2025-05
SHP-0612,2025-05-02,East,WH-D,Road,Standard,11.44230938474187,90.22962671249373,8.103744856365164,486.2809110892273,8.0,False,0.1037448563651644,42.4984935067107,2025-05
SHP-0592,2025-05-02,South,WH-B,Rail,Express,23.082950587652412,811.2239181095838,7.59568610749425,1232.0230969463228,4.5,False,3.0956861074942497,53.37372673688257,2025-05
SHP-0225,2025-05-03,South,WH-D,Road,Standard,20.569102867924606,627.7143836932396,6.04350999594552,1152.5342452607397,8.0,True,0.0,56.03230498973283,2025-05
SHP-1093,2025-05-03,East,WH-C,Air,Standard,39.241326713204515,206.86063649781457,7.454731211965481,1726.9200562557667,8.0,True,0.0,44.0076878357598,2025-05
SHP-0236,2025-05-04,South,WH-D,Road,Express,9.819788537712773,432.6948838669617,5.484970116933208,801.1663812966056,4.5,False,0.9849701169332077,81.58692809114333,2025-05
SHP-0428,2025-05-04,South,WH-A,Road,Standard,27.26633829415154,324.7292689943756,9.096077100991016,850.076700816194,8.0,False,1.0960771009910157,31.17678258244636,2025-05
SHP-0400,2025-05-05,North,WH-A,Road,Standard,13.899908288353924,464.7405673222007,8.239452418377732,689.4377279320249,8.0,False,0.23945241837773246,49.60016380177646,2025-05
SHP-1061,2025-05-05,East,WH-B,Road,Standard,24.718260536017716,565.7441718016099,8.558778999958358,1251.4722468454124,8.0,False,0.5587789999583581,50.629462579773964,2025-05
SHP-0819,2025-05-06,South,WH-B,Road,Express,6.620368971026769,946.8772219440962,3.1255297691443813,822.8908474228019,4.5,True,0.0,124.29682560354,2025-05
SHP-0639,2025-05-06,West,WH-B,Road,Standard,5.956141609483322,409.18111118663893,5.947641281134813,519.8940469535094,8.0,True,0.0,87.28705276680093,2025-05
SHP-0214,2025-05-06,West,WH-D,Rail,Standard,32.00664555053959,799.2991307106562,11.284895025012522,1321.0381866366574,8.0,False,3.2848950250125224,41.273871844854625,2025-05
SHP-0451,2025-05-06,South,WH-B,Road,Express,18.255842584397108,360.84604306605667,4.243406944886439,1071.85622170754,4.5,True,0.0,58.71305127398685,2025-05
SHP-0913,2025-05-06,North,WH-A,Rail,Standard,27.10656464361887,229.89185035500424,9.075227321659916,529.3121635741405,8.0,False,1.0752273216599164,19.52708395671767,2025-05
SHP-0644,2025-05-06,North,WH-A,Road,Standard,6.910464752167738,88.00378826988397,5.926620449946657,365.3574604370167,8.0,True,0.0,52.870172056431954,2025-05
SHP-1148,2025-05-07,South,WH-B,Road,Standard,12.097843706247087,268.9896199156799,7.168537745929934,368.236780045503,8.0,True,0.0,30.43821601492114,2025-05
SHP-0883,2025-05-07,South,WH-B,Rail,Standard,9.661087689517748,403.6889572379944,8.587871918959648,552.136269496375,8.0,False,0.5878719189596477,57.15052872312103,2025-05
SHP-0443,2025-05-07,East,WH-D,Air,Express,5.059775661083794,789.2745212537263,5.167212010917118,1255.207783082325,4.5,False,0.667212010917118,248.07577789199095,2025-05
SHP-0366,2025-05-07,West,WH-B,Road,Standard,10.982146350733693,638.9587031683133,8.127732929507971,614.3388270722048,8.0,False,0.127732929507971,55.939777840527704,2025-05
SHP-1185,2025-05-08,South,WH-A,Road,Standard,10.624180110833855,427.57469214443034,9.085740196151495,575.5821947295956,8.0,False,1.0857401961514945,54.17662245227318,2025-05
SHP-0171,2025-05-08,North,WH-B,Rail,Standard,15.57923649503525,667.4864037263169,10.483036643817481,784.0103089201441,8.0,False,2.4830366438174813,50.32405209138397,2025-05
SHP-0352,2025-05-08,East,WH-D,Road,Standard,5.324177913756938,672.3052444118432,9.188607340736636,488.2203650409255,8.0,False,1.1886073407366364,91.69873226426783,2025-05
SHP-0305,2025-05-08,North,WH-A,Air,Express,8.881919877250613,784.2566562474595,2.772970541632591,1475.7220068103015,4.5,True,0.0,166.14898886783354,2025-05
SHP-0249,2025-05-08,West,WH-B,Road,Standard,18.475551538521632,594.1914585838257,7.9530975199768354,1054.947713680127,8.0,True,0.0,57.09966013629173,2025-05
SHP-0100,2025-05-09,East,WH-A,Rail,Standard,7.527882563086128,93.88295160061668,8.405017595165246,283.5749579099108,8.0,False,0.40501759516524594,37.669949754590284,2025-05
SHP-0444,2025-05-09,North,WH-A,Road,Standard,6.916943059650303,344.82222850822785,7.827171854755434,554.9690711747671,8.0,True,0.0,80.23328606131744,2025-05
SHP-0253,2025-05-09,East,WH-B,Road,Express,27.766051634474948,412.4183848751136,6.729473474369279,1496.5319126066272,4.5,False,2.2294734743692786,53.897901376387985,2025-05
SHP-1010,2025-05-10,East,WH-A,Road,Express,8.487098309483972,395.13247496804513,5.773905578481344,911.1092491580965,4.5,False,1.2739055784813438,107.3522676342715,2025-05
SHP-0215,2025-05-10,West,WH-B,Rail,Express,7.9973208163763525,547.6164746416312,6.293429810034277,692.8339044018913,4.5,False,1.7934298100342767,86.63325134877104,2025-05
SHP-0208,2025-05-10,North,WH-A,Rail,Standard,10.959756658481824,717.4502927420624,9.57264430842912,680.391343487917,8.0,False,1.5726443084291208,62.08088050580556,2025-05
SHP-1113,2025-05-10,East,WH-D,Rail,Standard,23.29504633655144,570.1809662953544,12.27681491096307,1083.3351282073945,8.0,False,4.27681491096307,46.50495700056073,2025-05
SHP-0016,2025-05-11,North,WH-A,Road,Standard,15.848174407437295,354.20753912611667,8.32249618892464,691.1250839559672,8.0,False,0.3224961889246405,43.60912911405324,2025-05
SHP-0127,2025-05-11,East,WH-A,Road,Standard,14.370946236956028,352.03407085700957,8.127307506285199,678.4740882289991,8.0,False,0.1273075062851987,47.211511130996314,2025-05
SHP-0042,2025-05-11,East,WH-B,Road,Standard,32.21903407641283,429.321543715987,9.296008169224283,1392.6708049024342,8.0,False,1.296008169224283,43.22509488023391,2025-05
SHP-0276,2025-05-11,East,WH-B,Road,Express,12.9440890372972,231.756357065607,4.612520254082377,782.1591094620915,4.5,False,0.11252025408237731,60.425967961775605,2025-05
SHP-1049,2025-05-12,West,WH-C,Road,Standard,14.026831248171872,350.19062584017934,8.064191796551402,563.7547867883218,8.0,False,0.06419179655140184,40.1911719627907,2025-05
SHP-0626,2025-05-12,North,WH-A,Road,Standard,28.87394247982757,877.8364068997219,9.255132263533055,1840.429201197118,8.0,False,1.2551322635330546,63.74014225743199,2025-05
SHP-1145,2025-05-13,North,WH-B,Road,Express,13.631276780169216,683.9290879510164,7.345573052089225,1270.1660549349801,4.5,False,2.8455730520892253,93.18027030181193,2025-05
SHP-0745,2025-05-13,West,WH-D,Rail,Express,8.040257694223419,107.2103669809288,3.5049808121821737,468.6366176085278,4.5,True,0.0,58.286268354958715,2025-05
SHP-0850,2025-05-13,West,WH-C,Rail,Standard,17.36511384342471,462.637404095043,10.120075796863222,532.2552104830161,8.0,False,2.1200757968632225,30.650833347951487,2025-05
SHP-0593,2025-05-13,South,WH-C,Road,Express,4.091994512024626,421.474278576091,4.350288806201992,496.96067485192964,4.5,True,0.0,121.44705311592531,2025-05
SHP-0807,2025-05-13,North,WH-D,Rail,Standard,25.50558383376088,348.5644138950214,9.562454954571383,786.0198791189227,8.0,False,1.5624549545713826,30.817560744423922,2025-05
SHP-0981,2025-05-13,North,WH-A,Road,Standard,18.697000961869964,706.1808403232951,9.31486134690045,1199.480584252423,8.0,False,1.3148613469004502,64.1536354786847,2025-05
SHP-0971,2025-05-14,East,WH-C,Road,Standard,11.61528848139207,803.130648338771,8.991730668208962,983.7038376625889,8.0,False,0.9917306682089624,84.69043530330758,2025-05
SHP-1074,2025-05-14,South,WH-C,Road,Express,12.89931044299255,342.24745026302105,6.0877822516342475,844.968184799962,4.5,False,1.5877822516342475,65.50491117600666,2025-05
SHP-0163,2025-05-14,West,WH-D,Road,Express,24.05433347178831,410.09100474567293,5.439066942058801,1122.2985022454225,4.5,False,0.9390669420588011,46.656811487281075,2025-05
SHP-1128,2025-05-14,South,WH-C,Road,Standard,22.481238240666716,163.6969337312959,7.657521414079416,587.7831172824475,8.0,True,0.0,26.145495679112376,2025-05
SHP-0655,2025-05-14,East,WH-A,Air,Standard,7.095574200179847,187.51563408255757,4.727844979842526,669.0301501584213,8.0,True,0.0,94.28837346827602,2025-05
SHP-0111,2025-05-15,East,WH-D,Road,Standard,19.796845774923852,313.05474483372535,8.52578375299092,871.270188807569,8.0,False,0.52578375299092,44.01055595993904,2025-05
SHP-0044,2025-05-15,North,WH-C,Air,Express,23.15629068708057,392.30748863921116,3.191197013798003,1987.1806280238911,4.5,True,0.0,85.81601668753386,2025-05
SHP-0303,2025-05-15,East,WH-A,Road,Standard,5.620992755276557,340.37438763205967,8.385492496082025,400.6619629490449,8.0,False,0.3854924960820245,71.27957291404337,2025-05
SHP-0693,2025-05-16,East,WH-A,Road,Standard,11.960897919201352,276.8211966379118,8.492309391544634,517.2294227100924,8.0,False,0.4923093915446337,43.24336067443243,2025-05
SHP-0618,2025-05-16,East,WH-A,Rail,Standard,11.349592057454332,73.55169008655207,11.310916443128205,376.66465980066056,8.0,False,3.310916443128205,33.18750646665488,2025-05
SHP-1106,2025-05-16,South,WH-A,Road,Standard,19.615367533866088,386.06960291900924,7.53342150030992,784.0053622241833,8.0,True,0.0,39.968935625121055,2025-05
SHP-0101,2025-05-16,South,WH-A,Rail,Express,12.25993178639323,990.308397901279,7.1915171366465795,1044.9946282234414,4.5,False,2.6915171366465795,85.23657769313496,2025-05
SHP-1026,2025-05-17,West,WH-B,Road,Standard,23.439926911481198,339.44834303483407,8.644599470588437,713.127991642249,8.0,False,0.644599470588437,30.42364399579032,2025-05
SHP-0183,2025-05-17,West,WH-A,Road,Express,17.0776869062595,217.35116798896578,4.065523149240979,889.8210111640522,4.5,True,0.0,52.10430522870783,2025-05
SHP-0957,2025-05-17,East,WH-A,Road,Standard,9.586995762569146,952.7240092998987,9.838501858002843,1017.4687440881896,8.0,False,1.838501858002843,106.13009218807936,2025-05
SHP-1170,2025-05-17,South,WH-B,Road,Standard,16.64580233186129,359.5831744977163,6.5754639485013575,650.5016760619877,8.0,True,0.0,39.079022031691416,2025-05
SHP-1006,2025-05-18,North,WH-A,Rail,Express,11.451221120654397,373.38089558092213,6.290732999251334,796.5076149318768,4.5,False,1.7907329992513343,69.55656576181451,2025-05
SHP-0809,2025-05-18,West,WH-B,Road,Express,14.877228690769316,667.9987414383123,4.412299705831938,926.596096317572,4.5,True,0.0,62.28284283164144,2025-05
SHP-0998,2025-05-19,South,WH-D,Air,Express,13.612486691018301,63.662905468150996,2.3722946318003344,661.3380627201453,4.5,True,0.0,48.58319260334006,2025-05
SHP-0103,2025-05-19,East,WH-A,Rail,Standard,7.366327244381698,184.36460979061746,8.438707687106078,392.73663896524954,8.0,False,0.43870768710607777,53.3151224397192,2025-05
SHP-0990,2025-05-20,South,WH-C,Road,Standard,9.510973372272774,186.82781632791296,6.883397855515217,340.3158147168548,8.0,True,0.0,35.78138655176697,2025-05
SHP-0267,2025-05-20,South,WH-D,Road,Express,22.285504848540604,462.2378363285092,3.872546406847005,1164.8901519540989,4.5,True,0.0,52.271203182116075,2025-05
SHP-1136,2025-05-21,West,WH-A,Road,Standard,29.879666201517747,557.8997703024924,9.413020216734347,1352.1386679588697,8.0,False,1.4130202167343473,45.2528036571636,2025-05
SHP-0608,2025-05-21,West,WH-B,Road,Standard,22.778144165067694,225.11331999441725,7.97968796955545,656.4487777066586,8.0,True,0.0,28.819238869924312,2025-05
SHP-0641,2025-05-21,West,WH-A,Road,Standard,12.021415308923643,167.8496593356303,4.849330268388445,478.5072551763494,8.0,True,0.0,39.804569002881685,2025-05
SHP-0387,2025-05-22,South,WH-C,Road,Standard,8.219362809615452,77.62142623541428,7.4173295738707345,334.20067220506104,8.0,True,0.0,40.66016794076727,2025-05
SHP-0994,2025-05-22,West,WH-A,Road,Express,33.868761882873116,769.5977593722532,7.520225311406083,2145.7224066987496,4.5,False,3.020225311406083,63.35402558024439,2025-05
SHP-1065,2025-05-23,West,WH-B,Road,Express,6.47689185090452,131.2508851664931,4.263077662619052,563.9845129415461,4.5,True,0.0,87.07641349033544,2025-05
SHP-0388,2025-05-23,South,WH-A,Air,Express,13.35154644885237,380.75371810596437,3.532215200816159,1426.2958234290265,4.5,True,0.0,106.82626382591236,2025-05
SHP-0148,2025-05-23,South,WH-A,Rail,Standard,21.447597209165814,568.0424392885524,9.385422126280131,740.2146985312523,8.0,False,1.3854221262801314,34.5127098067151,2025-05
SHP-0677,2025-05-23,East,WH-B,Road,Standard,16.27781562774924,268.16096729242497,8.668360709871957,728.4697099796371,8.0,False,0.6683607098719566,44.752301330763,2025-05
SHP-0584,2025-05-24,North,WH-C,Air,Standard,8.778508876130722,873.0174406970652,6.558537147983688,1388.8705717617859,8.0,True,0.0,158.2125838635541,2025-05
SHP-0233,2025-05-24,North,WH-C,Road,Standard,8.265785435261922,417.6509390900754,7.643218238348753,648.7328295176878,8.0,True,0.0,78.48411195749011,2025-05
SHP-0465,2025-05-24,East,WH-D,Road,Express,26.926548944224937,868.9414924530241,7.101006602163194,2141.658916999334,4.5,False,2.601006602163194,79.53707403928811,2025-05
SHP-0426,2025-05-24,North,WH-C,Road,Standard,21.808598381776456,604.2388158911133,9.108400854162488,1104.2313353598909,8.0,False,1.108400854162488,50.6328428828604,2025-05
SHP-0578,2025-05-24,North,WH-B,Road,Express,25.53081358163827,591.6404226004694,4.8550818629751795,1368.06920112066,4.5,False,0.3550818629751795,53.585021752090725,2025-05
SHP-0681,2025-05-24,North,WH-B,Air,Express,5.364360971099961,795.457782262759,3.028716075623561,1159.673621564378,4.5,True,0.0,216.18113095148166,2025-05
SHP-0260,2025-05-24,South,WH-D,Road,Standard,15.58540684203363,453.9130083096934,7.60104142659054,784.9319480460885,8.0,True,0.0,50.36326327581887,2025-05
SHP-0703,2025-05-25,East,WH-C,Road,Standard,13.8120840344819,257.51957001192784,8.214621647523966,566.1251973506443,8.0,False,0.21462164752396617,40.98767397717183,2025-05
SHP-0432,2025-05-25,West,WH-A,Air,Standard,9.867060660704592,358.01164739439776,4.658210127481812,780.6891348632986,8.0,True,0.0,79.12073936794373,2025-05
SHP-0753,2025-05-25,North,WH-D,Road,Standard,24.237765667356033,568.558617048249,9.979685692435055,1402.1749064685425,8.0,False,1.979685692435055,57.85083186760169,2025-05
SHP-1067,2025-05-25,West,WH-B,Rail,Standard,8.497158644014347,408.5536797046071,7.6537455395479,470.09155056027186,8.0,True,0.0,55.32338164492415,2025-05
SHP-0916,2025-05-25,West,WH-B,Rail,Standard,30.68939578161466,411.5591260930394,9.39924063741758,855.2723855758422,8.0,False,1.3992406374175808,27.868661594446152,2025-05
SHP-0622,2025-05-25,East,WH-D,Air,Standard,13.537113883889244,65.85568565313163,6.90964857753915,466.6982688383085,8.0,True,0.0,34.47546300055392,2025-05
SHP-0725,2025-05-26,West,WH-A,Road,Standard,11.956944186289343,720.9974868612115,8.725160171198844,661.9280962616558,8.0,False,0.7251601711988442,55.359303008260945,2025-05
SHP-0924,2025-05-26,South,WH-C,Air,Standard,4.0,433.7388549791167,6.684398454760932,673.6923140539271,8.0,True,0.0,168.42307851348178,2025-05
SHP-0599,2025-05-26,North,WH-C,Air,Express,15.454699433926072,1163.3579766172024,4.2932501202552285,3244.6317039471314,4.5,True,0.0,209.94466555748951,2025-05
SHP-0671,2025-05-27,West,WH-D,Rail,Standard,18.709669043699552,252.89996784248035,9.32632594309096,532.7388227511192,8.0,False,1.3263259430909606,28.47398430762291,2025-05
SHP-0325,2025-05-27,North,WH-B,Road,Standard,7.011847473672128,294.00728211823633,8.088418334541881,392.3120274257892,8.0,False,0.0884183345418812,55.94988038442515,2025-05
SHP-0244,2025-05-27,West,WH-A,Road,Express,25.78811146016328,512.436916975987,5.330107074612761,1217.315623951344,4.5,False,0.8301070746127612,47.204527785286544,2025-05
SHP-0493,2025-05-27,North,WH-D,Road,Standard,8.526047246719894,250.59535108481035,9.149451811391929,671.6493441867808,8.0,False,1.1494518113919288,78.77616963067791,2025-05
SHP-0431,2025-05-27,East,WH-B,Road,Standard,18.135109652129174,483.3255528069109,7.950603041956012,1013.6293739329946,8.0,True,0.0,55.893203480795506,2025-05
SHP-0273,2025-05-27,North,WH-A,Road,Express,14.379886532480805,681.9598561738399,6.699312689866597,1272.2816963198732,4.5,False,2.1993126898665967,88.47647674034742,2025-05
SHP-1122,2025-05-28,South,WH-D,Road,Standard,4.364326037914589,788.6874702181398,10.047776588570999,478.18885550830834,8.0,False,2.047776588570999,109.56762885130412,2025-05
SHP-0245,2025-05-28,West,WH-D,Road,Standard,13.728484153503528,235.93500050308603,8.314384145123498,512.3380718172725,8.0,False,0.31438414512349766,37.31934757607767,2025-05
SHP-0646,2025-05-28,South,WH-B,Road,Express,13.29568768027785,1278.797946591946,7.171429478131774,1519.8045950854707,4.5,False,2.671429478131774,114.30808481910056,2025-05
SHP-0241,2025-05-28,West,WH-A,Road,Standard,11.530783432058781,513.1937992199391,7.628921729557817,579.3825228684059,8.0,True,0.0,50.24658786475527,2025-05
SHP-0663,2025-05-29,North,WH-C,Road,Express,32.147997750714325,262.9619137467205,5.690466110726825,1097.4892255137001,4.5,False,1.1904661107268248,34.13864944323987,2025-05
SHP-1168,2025-05-29,West,WH-D,Rail,Standard,4.81304812013352,328.5009395492592,8.414765594571469,413.70982386480244,8.0,False,0.41476559457146855,85.95588773239308,2025-05
SHP-0017,2025-05-30,North,WH-C,Road,Standard,15.298457638136844,302.83773961173193,7.967810841923785,728.5587690591071,8.0,True,0.0,47.623020979769585,2025-05
SHP-0944,2025-05-30,East,WH-A,Rail,Standard,19.166804584192363,588.6008905121454,11.290019697692115,1008.9380890230148,8.0,False,3.2900196976921148,52.63986934239037,2025-05
SHP-1199,2025-05-30,North,WH-A,Road,Express,11.917296201573599,553.8205378695342,5.0395406554206055,1039.673963248392,4.5,False,0.5395406554206055,87.24075878143485,2025-05
SHP-0401,2025-05-30,West,WH-D,Road,Standard,24.529150927391136,1316.809799956752,9.765801892988867,2409.735221732561,8.0,False,1.7658018929888666,98.23965080836392,2025-05
SHP-0365,2025-05-31,South,WH-D,Road,Standard,18.086819410953943,177.67651468239495,9.081537071308261,611.4191329014504,8.0,False,1.0815370713082615,33.8046794745546,2025-05
SHP-0825,2025-05-31,West,WH-D,Road,Express,8.358415262774702,266.3918882273572,3.596452140507604,607.984855011296,4.5,True,0.0,72.73924971388251,2025-05
SHP-0255,2025-05-31,North,WH-B,Road,Standard,21.658502022183125,1032.355858908878,9.925370144569746,1659.13080912495,8.0,False,1.9253701445697455,76.6041348300834,2025-05
SHP-0583,2025-05-31,North,WH-D,Road,Express,42.5977822588967,845.040148344428,6.346717185799503,2632.754054562045,4.5,False,1.8467171857995028,61.80495591439352,2025-05
SHP-0549,2025-05-31,West,WH-C,Road,Standard,4.770238268181679,280.3646390545573,7.731477480930366,432.37468238847305,8.0,True,0.0,90.6400599048663,2025-05
SHP-0277,2025-06-01,North,WH-C,Road,Standard,6.659671235239982,485.7936653413077,8.845748357508501,581.4907788934999,8.0,False,0.8457483575085014,87.31523799801295,2025-06
SHP-0015,2025-06-01,North,WH-D,Rail,Standard,13.586741206056423,225.73110365557199,9.890850347857267,400.82268320887374,8.0,False,1.890850347857267,29.50101699369994,2025-06
SHP-0505,2025-06-01,West,WH-D,Road,Standard,12.449275012798575,917.1215677539261,7.792114140711942,861.9975159742593,8.0,True,0.0,69.240780293477,2025-06
SHP-0190,2025-06-01,West,WH-B,Road,Standard,27.493879042620584,725.2046896178157,9.561501412524356,1562.7659508147433,8.0,False,1.5615014125243558,56.8405043316066,2025-06
SHP-1190,2025-06-01,East,WH-A,Road,Express,27.04640844471833,371.8938851838136,6.494890005165161,1343.2416445545155,4.5,False,1.9948900051651606,49.66432594183595,2025-06
SHP-0955,2025-06-01,North,WH-C,Road,Standard,11.439746072860865,100.96791446520413,6.537043254142496,463.24531464362246,8.0,True,0.0,40.49437039014394,2025-06
SHP-0548,2025-06-01,North,WH-C,Rail,Standard,9.980390725302176,243.78391995017594,9.116648834942836,311.18962501572764,8.0,False,1.1166488349428363,31.18010442485014,2025-06
SHP-1066,2025-06-02,North,WH-A,Road,Standard,5.603666777853914,207.96522986607033,8.188085914937414,505.6627372615186,8.0,False,0.1880859149374139,90.2378312821764,2025-06
SHP-0396,2025-06-02,South,WH-A,Road,Standard,16.670630598410348,392.981238875857,8.782012043148027,708.7514043387525,8.0,False,0.7820120431480273,42.51497267333946,2025-06
SHP-0290,2025-06-02,North,WH-A,Road,Standard,16.08882754719581,264.1732491478236,7.426895758365021,635.3025937928603,8.0,True,0.0,39.48719022124082,2025-06
SHP-0891,2025-06-03,South,WH-A,Road,Standard,10.684358877659738,207.59762609346106,7.999874468539643,302.51392366521117,8.0,True,0.0,28.313717943127784,2025-06
SHP-1174,2025-06-03,North,WH-A,Rail,Standard,21.625279688878088,500.48670333086864,10.784572256945978,804.3209005089959,8.0,False,2.784572256945978,37.19354903523672,2025-06
SHP-0767,2025-06-03,North,WH-D,Rail,Standard,34.179507601830515,336.9689510103748,10.43381968140286,781.0983703953634,8.0,False,2.433819681402859,22.852826889569673,2025-06
SHP-1200,2025-06-03,North,WH-A,Road,Standard,23.82015046833547,615.2872500354674,9.065356203570776,1415.4322085555816,8.0,False,1.0653562035707758,59.421631716270625,2025-06
SHP-0464,2025-06-03,East,WH-B,Air,Express,10.416608295107865,789.8105827072583,6.919977197156388,1730.7129782495672,4.5,False,2.4199771971563884,166.14937695817864,2025-06
SHP-0836,2025-06-04,South,WH-A,Road,Standard,21.130767945751657,398.0691695472595,9.540634281133558,857.343918211842,8.0,False,1.540634281133558,40.57324941586948,2025-06
SHP-0367,2025-06-04,East,WH-A,Road,Express,11.739180256056772,1478.7766022978144,9.633412868313238,1836.9365845891891,4.5,False,5.133412868313238,156.47911902889734,2025-06
SHP-0687,2025-06-05,South,WH-B,Road,Standard,9.339424452873375,769.053149757453,6.991435135355093,584.1564185441739,8.0,True,0.0,62.547368040913035,2025-06
SHP-1108,2025-06-06,North,WH-A,Road,Standard,12.6234546499057,252.99031648061683,7.550391004296316,582.4545219448917,8.0,True,0.0,46.1406594389946,2025-06
SHP-1105,2025-06-06,West,WH-C,Road,Standard,12.602950797038233,366.9637525410968,7.67362454656798,547.2179836816739,8.0,True,0.0,43.419830204389385,2025-06
SHP-1083,2025-06-06,East,WH-C,Road,Standard,7.16636305113924,243.80211912699514,8.583262655526662,422.11751161849827,8.0,False,0.5832626555266618,58.90261330695409,2025-06
SHP-1080,2025-06-06,South,WH-C,Road,Standard,14.379059752938979,833.9688565031485,9.430437017946854,1060.5526196986277,8.0,False,1.4304370179468542,73.75674334212695,2025-06
SHP-0092,2025-06-06,West,WH-A,Road,Standard,17.66124677578969,197.52681908291444,8.32230529463362,525.184294564277,8.0,False,0.3223052946336207,29.736535660902934,2025-06
SHP-0333,2025-06-07,East,WH-A,Rail,Express,19.14472913994288,216.45123353427158,6.7563720258203634,933.7537891447793,4.5,False,2.2563720258203634,48.773413419395354,2025-06
SHP-0430,2025-06-07,South,WH-D,Road,Standard,16.634038132392693,40.0,8.945019520995736,486.06352503387234,8.0,False,0.9450195209957357,29.221017840960993,2025-06
SHP-0310,2025-06-07,West,WH-D,Road,Standard,15.820572334664977,184.3476697935088,6.669122725856646,600.9995134173811,8.0,True,0.0,37.988481118379724,2025-06
SHP-1098,2025-06-08,West,WH-D,Rail,Express,16.01686322559579,955.899700795974,7.098861894407506,1083.6706579805175,4.5,False,2.5988618944075057,67.65810775288102,2025-06
SHP-0219,2025-06-09,South,WH-A,Road,Standard,16.678880456668473,458.091639983479,8.442794837454153,901.5786635996451,8.0,False,0.44279483745415327,54.05510675263459,2025-06
SHP-0192,2025-06-09,East,WH-B,Road,Express,31.154697097012058,246.90692879716025,7.055759154099438,1229.4222188527583,4.5,False,2.555759154099438,39.46185754990595,2025-06
SHP-0153,2025-06-09,South,WH-B,Road,Express,10.592639911791148,165.48688546218116,7.320350417196952,718.7546911377794,4.5,False,2.820350417196952,67.85416073076372,2025-06
SHP-0659,2025-06-09,South,WH-B,Rail,Standard,12.5291519986548,244.27926552139292,8.406317282213164,588.1046384329937,8.0,False,0.40631728221316443,46.93890204988621,2025-06
SHP-0269,2025-06-09,East,WH-D,Road,Express,12.993024207607238,1222.5057222177438,9.238942630482617,1751.1533954235238,4.5,False,4.738942630482617,134.77642829282559,2025-06
SHP-0838,2025-06-09,South,WH-B,Road,Standard,16.46403666224108,871.2380879550326,8.910330502852183,1141.697128923332,8.0,False,0.9103305028521831,69.34490929200375,2025-06
SHP-0503,2025-06-09,West,WH-D,Rail,Standard,11.500215885776349,675.4473144446357,9.213341739602045,476.64703642381977,8.0,False,1.2133417396020452,41.446790317505645,2025-06
SHP-1195,2025-06-10,East,WH-A,Road,Standard,28.397128478743916,1063.743216887682,11.975420695713002,2320.6983894134023,8.0,False,3.9754206957130016,81.72299502572992,2025-06
SHP-0280,2025-06-10,North,WH-D,Road,Standard,16.6161327967333,292.5379303995965,9.073573494719302,626.9514835656427,8.0,False,1.0735734947193016,37.73149211282785,2025-06
SHP-0298,2025-06-10,South,WH-B,Road,Standard,11.123339368482583,350.22904617817716,7.718601786209373,553.1503766958909,8.0,True,0.0,49.72880520603502,2025-06
SHP-1002,2025-06-10,South,WH-A,Air,Standard,27.65253857638479,304.02223645611076,6.448940083636176,1628.8849997850389,8.0,True,0.0,58.90544172953811,2025-06
SHP-0349,2025-06-10,South,WH-B,Rail,Standard,5.94471935650281,758.1226108678685,9.721055441911014,373.9533338890451,8.0,False,1.7210554419110142,62.905128310217876,2025-06
SHP-0024,2025-06-10,South,WH-A,Road,Standard,19.416254405202928,264.90026721491586,8.64838000604339,699.5946654582696,8.0,False,0.6483800060433893,36.03139157832629,2025-06
SHP-0769,2025-06-11,North,WH-D,Road,Standard,11.317280657486641,137.70870416926184,6.600290929974442,412.14463684714485,8.0,True,0.0,36.41728515184447,2025-06
SHP-0072,2025-06-11,North,WH-B,Road,Standard,24.03139709578068,1340.5328084959374,9.637503572425734,2170.6157545495707,8.0,False,1.637503572425734,90.324159927043,2025-06
SHP-0594,2025-06-12,East,WH-C,Road,Standard,12.652828978026708,624.8066536420006,8.70978969213942,1121.8857941775468,8.0,False,0.7097896921394202,88.6667950800448,2025-06
SHP-0295,2025-06-12,East,WH-B,Road,Standard,7.944314146750524,40.0,7.99744090938626,495.1075854915743,8.0,True,0.0,62.32225669148406,2025-06
SHP-0507,2025-06-12,South,WH-C,Road,Standard,10.747663978290873,323.99767328434325,9.76167012601746,435.5085458712581,8.0,False,1.76167012601746,40.52122831072302,2025-06
SHP-0105,2025-06-12,North,WH-B,Road,Standard,9.528571708281085,307.02100529879704,7.357269548801304,280.97305193006343,8.0,True,0.0,29.48742587368845,2025-06
SHP-0540,2025-06-13,East,WH-A,Road,Express,17.491664434077904,131.8596265962391,7.219209533592948,682.1725141973685,4.5,False,2.719209533592948,38.99986286429866,2025-06
SHP-0669,2025-06-13,East,WH-D,Road,Standard,11.11514655838552,520.6108752897301,10.059899294174473,867.382471423304,8.0,False,2.059899294174473,78.03608048415077,2025-06
SHP-0691,2025-06-13,South,WH-C,Rail,Express,21.10224161453477,242.6260348086941,7.102971850182648,685.9654049109879,4.5,False,2.602971850182648,32.506755322074866,2025-06
SHP-0750,2025-06-14,East,WH-A,Air,Express,19.56833337004876,531.5723170749884,6.262401117803013,2053.0547114540577,4.5,False,1.7624011178030132,104.91719824215883,2025-06
SHP-0616,2025-06-14,West,WH-C,Road,Standard,15.015019801494836,718.398038539417,9.719717287461513,942.5147579588323,8.0,False,1.7197172874615134,62.771462869799166,2025-06
SHP-0185,2025-06-14,West,WH-D,Road,Express,4.22265324293366,856.071379804498,5.422481519937544,746.3193800216532,4.5,False,0.922481519937544,176.74181067805435,2025-06
SHP-1044,2025-06-14,West,WH-C,Road,Standard,8.949330122288815,386.31288321562306,7.108884411886352,524.1129110047659,8.0,True,0.0,58.56448514503146,2025-06
SHP-0800,2025-06-15,West,WH-B,Road,Standard,5.665292706383453,365.02150438731337,8.137537994468701,372.6666379818672,8.0,False,0.13753799446870119,65.78065023223947,2025-06
SHP-0047,2025-06-16,East,WH-A,Road,Standard,7.558493131523486,546.6876491045373,9.854284867456302,451.1779300137046,8.0,False,1.8542848674563022,59.69151815882717,2025-06
SHP-0633,2025-06-16,West,WH-B,Rail,Standard,12.687873046301235,293.50185891331313,10.306471065062777,499.1330677378761,8.0,False,2.3064710650627767,39.33938067605297,2025-06
SHP-0609,2025-06-17,West,WH-B,Road,Standard,10.65059495562045,607.204936798658,8.994850854618859,702.8075978319027,8.0,False,0.9948508546188588,65.98763738179927,2025-06
SHP-1009,2025-06-17,West,WH-B,Road,Standard,23.32675322718431,317.0598206443605,8.434144758534194,778.3461315285858,8.0,False,0.43414475853419354,33.367101025509385,2025-06
SHP-0514,2025-06-17,West,WH-C,Air,Standard,23.702599002000415,1064.3577555878594,9.007385958325562,4084.4936498629127,8.0,False,1.0073859583255622,172.32260688029174,2025-06
SHP-0297,2025-06-18,West,WH-B,Road,Standard,23.50383150641035,364.7675306768118,10.833236568215343,951.1498751597934,8.0,False,2.8332365682153426,40.46786477772274,2025-06
SHP-0032,2025-06-19,South,WH-D,Road,Standard,5.3275113903112326,210.77465885636315,7.697445225959372,503.79853199894484,8.0,True,0.0,94.56545375297884,2025-06
SHP-0845,2025-06-19,North,WH-B,Road,Standard,18.783476506578452,421.2484260260312,8.691500471539173,776.849752358002,8.0,False,0.6915004715391735,41.3581453936884,2025-06
SHP-0374,2025-06-19,West,WH-B,Road,Express,19.863760721303453,476.16322382258346,5.9482602799668385,1017.3488892526373,4.5,False,1.4482602799668385,51.21632824350087,2025-06
SHP-0610,2025-06-19,East,WH-B,Road,Standard,6.125218367819267,747.8151889914667,9.154467675411142,731.5823106749365,8.0,False,1.1544676754111425,119.43775172466191,2025-06
SHP-0407,2025-06-19,North,WH-D,Road,Standard,9.858287833296162,129.11081661031383,6.918659908895948,468.525620425902,8.0,True,0.0,47.52606419579944,2025-06
SHP-0160,2025-06-19,South,WH-A,Road,Standard,9.661937211654537,451.2151841388017,8.390424282005851,535.1168859967178,8.0,False,0.390424282005851,55.384016090607865,2025-06
SHP-1142,2025-06-20,West,WH-B,Road,Standard,4.910989329922749,405.43888376248856,8.15503503828703,461.0696141554089,8.0,False,0.15503503828703025,93.88528118888452,2025-06
SHP-0149,2025-06-20,North,WH-C,Rail,Standard,31.477925329888503,473.7350221116408,10.083826834710168,847.3978065377551,8.0,False,2.083826834710168,26.920383019434418,2025-06
SHP-1007,2025-06-21,North,WH-B,Road,Standard,12.551943499566761,259.1253137266668,7.7286960693925515,412.1730375007967,8.0,True,0.0,32.83738789256206,2025-06
SHP-0121,2025-06-21,North,WH-C,Road,Express,8.481211208686808,220.57058394756518,5.860020539045152,649.0718472869546,4.5,False,1.360020539045152,76.53056047255943,2025-06
SHP-0217,2025-06-21,West,WH-D,Road,Standard,18.334203945727676,1500.0,11.66850102774004,2061.3593627545224,8.0,False,3.6685010277400405,112.43244423682056,2025-06
SHP-0189,2025-06-21,South,WH-C,Road,Express,11.312281462509732,386.16937171515264,6.848083411738011,886.7687393865019,4.5,False,2.3480834117380107,78.38991120627264,2025-06
SHP-0331,2025-06-21,East,WH-A,Road,Standard,58.286456483070545,964.1687422651863,13.852071744811132,4117.044219312289,8.0,False,5.852071744811132,70.63466314010863,2025-06
SHP-0979,2025-06-22,East,WH-B,Road,Standard,13.583850163557246,647.2953890567122,10.610921560069302,982.7726933427887,8.0,False,2.6109215600693023,72.3486111455625,2025-06
SHP-0383,2025-06-22,South,WH-B,Rail,Standard,9.897944780420893,332.6594358495067,8.187426285701118,343.1504519843402,8.0,False,0.1874262857011182,34.668859000216436,2025-06
SHP-0758,2025-06-22,North,WH-A,Road,Standard,7.076772854279113,537.6816725222465,8.458950518788097,541.550778983596,8.0,False,0.4589505187880967,76.52510404599697,2025-06
SHP-1112,2025-06-22,North,WH-B,Road,Standard,18.719027538775574,615.8886712688311,11.236458068921477,1146.263274962579,8.0,False,3.2364580689214772,61.235193579802655,2025-06
SHP-0640,2025-06-22,South,WH-B,Road,Standard,32.69611105772854,346.0489496308104,9.70841319555207,1086.152647334026,8.0,False,1.7084131955520707,33.21962802904313,2025-06
SHP-0658,2025-06-22,South,WH-A,Road,Express,51.7621865095925,1210.815534485056,8.045231714085661,4405.767997762413,4.5,False,3.545231714085661,85.11556977883733,2025-06
SHP-0660,2025-06-22,West,WH-A,Rail,Express,5.916045516149094,579.3956274222923,6.202629225312095,636.9831527735238,4.5,False,1.7026292253120952,107.67042799700306,2025-06
SHP-0360,2025-06-23,North,WH-C,Road,Standard,8.230348607228725,845.1861261064831,9.88010731929799,986.2791228274514,8.0,False,1.8801073192979896,119.8344286366195,2025-06
SHP-0607,2025-06-23,East,WH-B,Air,Express,10.82811654491988,230.99298569524427,4.356708064274473,1003.2422641254885,4.5,True,0.0,92.65159457451257,2025-06
SHP-0036,2025-06-24,North,WH-B,Rail,Express,12.81644521606605,374.0355169754894,7.543683955803868,863.8818851789027,4.5,False,3.0436839558038677,67.40417257789889,2025-06
SHP-0307,2025-06-25,West,WH-A,Road,Standard,6.369371323805115,322.4449984089208,9.65449706785828,510.34113770897164,8.0,False,1.65449706785828,80.12425587461112,2025-06
SHP-0372,2025-06-25,South,WH-D,Road,Standard,14.624265017241028,152.400146017041,8.911670637631833,445.696532773142,8.0,False,0.9116706376318326,30.476508203844478,2025-06
SHP-0728,2025-06-26,North,WH-A,Road,Standard,10.01940503972746,1233.5424709628792,9.052753617399455,932.9586202336558,8.0,False,1.0527536173994552,93.11517166283093,2025-06
SHP-0737,2025-06-26,North,WH-D,Road,Standard,9.029748955450792,1336.328236079039,9.606442115767955,1106.7919199868554,8.0,False,1.6064421157679547,122.57172657261334,2025-06
SHP-0568,2025-06-26,West,WH-D,Road,Standard,8.547901033064742,764.6777656729911,9.086705980138207,519.8058988667791,8.0,False,1.0867059801382073,60.81094023621484,2025-06
SHP-1196,2025-06-26,South,WH-A,Road,Standard,21.46131500760111,1000.3795814744817,11.300709252120328,1693.123859492501,8.0,False,3.3007092521203276,78.89189729952871,2025-06
SHP-0544,2025-06-26,North,WH-D,Road,Express,70.95888399054107,261.86739049231375,9.600107147936935,1906.21053021296,4.5,False,5.100107147936935,26.86359230885115,2025-06
SHP-0696,2025-06-27,North,WH-B,Rail,Standard,15.318600350921688,170.64630361192982,9.665446955709568,512.3482132884739,8.0,False,1.6654469557095677,33.4461505327833,2025-06
SHP-0506,2025-06-27,South,WH-D,Road,Standard,16.889627949883206,1367.1552948549913,11.003052530983506,1631.1538188021218,8.0,False,3.0030525309835063,96.5772498744356,2025-06
SHP-1003,2025-06-27,South,WH-A,Road,Standard,9.063361993747838,361.4911980767285,8.734179729341664,473.1958115255275,8.0,False,0.7341797293416636,52.20974422647482,2025-06
SHP-1076,2025-06-28,West,WH-D,Rail,Standard,12.05521053133828,1014.9380396212639,10.630029019730044,949.3362798629882,8.0,False,2.6300290197300438,78.74904195120679,2025-06
SHP-0138,2025-06-28,North,WH-A,Road,Standard,14.266762302831856,419.9377386747542,10.287104896306863,807.9681038691956,8.0,False,2.2871048963068628,56.632898671678255,2025-06
SHP-1060,2025-06-28,West,WH-C,Road,Standard,14.76594318419121,249.638147577198,8.08718671844119,449.59153642630713,8.0,False,0.08718671844119008,30.447871214055,2025-06
SHP-1188,2025-06-28,West,WH-B,Road,Standard,9.414485775985815,689.5123051840408,9.047127876673668,821.7674875605525,8.0,False,1.0471278766736685,87.28755952414225,2025-06
SHP-0509,2025-06-28,West,WH-D,Road,Standard,11.967094577767803,857.5430653432304,8.360963026743338,755.382102689673,8.0,False,0.36096302674333813,63.12159545333625,2025-06
SHP-1192,2025-06-29,East,WH-C,Road,Standard,4.9105151666754425,422.36115227726174,7.2153098752428,514.2703728807284,8.0,True,0.0,104.72839517343431,2025-06
SHP-0936,2025-06-29,South,WH-D,Road,Express,4.0,262.00472424013094,4.917992410442321,530.7062284207435,4.5,False,0.41799241044232094,132.67655710518588,2025-06
SHP-0490,2025-06-29,South,WH-D,Air,Standard,8.580613843451761,110.16458673732639,5.872169603810617,524.8534796324823,8.0,True,0.0,61.16735809443525,2025-06
SHP-0880,2025-06-29,North,WH-C,Road,Standard,24.688092768768744,1500.0,11.313519643832093,2519.535682368617,8.0,False,3.313519643832093,102.05469114065843,2025-06
SHP-0195,2025-06-29,North,WH-A,Road,Standard,5.263560209885893,1388.5400291286999,10.255435070616759,819.5665124821287,8.0,False,2.255435070616759,155.7057352441487,2025-06
SHP-0406,2025-06-29,East,WH-B,Road,Standard,11.848020836890724,442.92543468654117,10.53795141882108,795.7061677170178,8.0,False,2.5379514188210806,67.15941663771035,2025-06
SHP-0588,2025-06-30,West,WH-A,Rail,Standard,5.049307184038449,998.9441004741448,9.252237860688087,484.7848889951495,8.0,False,1.252237860688087,96.01017948118128,2025-06
SHP-0342,2025-06-30,South,WH-A,Rail,Express,6.390398360157051,688.4649319557973,9.061067835498218,880.9648170756685,4.5,False,4.561067835498218,137.85757435222206,2025-06
SHP-1189,2025-07-01,North,WH-B,Road,Standard,4.0,651.3279530353783,10.159765186141849,491.1002004207536,8.0,False,2.1597651861418488,122.7750501051884,2025-07
SHP-1163,2025-07-01,West,WH-A,Road,Standard,11.674281882153293,500.95129325550954,9.025203262268754,616.9241553334084,8.0,False,1.0252032622687537,52.8447198346746,2025-07
SHP-0632,2025-07-01,West,WH-C,Road,Standard,45.99673051577394,746.1456138107513,10.44643616652038,2257.93305535702,8.0,False,2.44643616652038,49.088990239919184,2025-07
SHP-0826,2025-07-02,West,WH-B,Road,Standard,13.37557423231213,239.41226162011296,6.076447457704179,488.9315333259107,8.0,True,0.0,36.554059275060595,2025-07
SHP-0554,2025-07-02,South,WH-C,Road,Standard,16.74795483806545,307.0428944009793,8.366458734313506,632.0054511227086,8.0,False,0.36645873431350573,37.73627629364394,2025-07
SHP-0224,2025-07-03,South,WH-D,Road,Standard,23.52839963142415,317.7167595103648,7.524545504949119,810.627991085823,8.0,True,0.0,34.45317164721911,2025-07
SHP-0810,2025-07-03,East,WH-B,Road,Standard,16.112668072561938,322.15080199675714,9.1611213499542,673.0990123799735,8.0,False,1.1611213499542004,41.774522341596885,2025-07
SHP-1103,2025-07-03,West,WH-D,Road,Express,13.350675795736487,432.4376877735789,6.712402790929222,887.9723696436383,4.5,False,2.2124027909292217,66.51141734167574,2025-07
SHP-0831,2025-07-03,South,WH-A,Air,Standard,31.197351450762106,428.0055795993188,8.381820989096132,2283.1072826757572,8.0,False,0.3818209890961324,73.18272790814055,2025-07
SHP-0467,2025-07-04,East,WH-D,Rail,Standard,31.978156414875404,182.23256222608313,11.156874645999432,581.9838590669183,8.0,False,3.156874645999432,18.199418738104445,2025-07
SHP-0397,2025-07-05,West,WH-B,Road,Express,4.0,397.2144765169785,4.839810415520593,536.3685918740375,4.5,False,0.339810415520593,134.09214796850938,2025-07
SHP-0590,2025-07-05,West,WH-A,Road,Standard,8.19027131830879,985.4409296042095,10.218059184115276,704.0526197497117,8.0,False,2.218059184115276,85.9620630852424,2025-07
SHP-0694,2025-07-05,South,WH-A,Air,Standard,11.401428716996458,860.7781550834064,7.929067143313648,1843.5501376655614,8.0,True,0.0,161.6946598032337,2025-07
SHP-0237,2025-07-06,South,WH-A,Rail,Express,12.23752115865946,399.5735259917444,6.8946942897239625,814.7958406007344,4.5,False,2.3946942897239625,66.58177175237587,2025-07
SHP-0205,2025-07-06,West,WH-C,Rail,Express,14.6632738257104,735.2049355355359,7.384746182687503,1007.6730262187119,4.5,False,2.884746182687503,68.72087626515375,2025-07
SHP-0893,2025-07-06,East,WH-A,Road,Standard,11.010603162503243,258.9754923985023,8.417535430323184,485.3478240153023,8.0,False,0.4175354303231842,44.08003965379125,2025-07
SHP-0155,2025-07-06,South,WH-B,Road,Express,18.680766315220254,444.3138566813425,5.974118151953571,974.968576092878,4.5,False,1.4741181519535713,52.19103754317173,2025-07
SHP-0566,2025-07-06,South,WH-A,Road,Express,15.942380377655395,556.7050981436555,6.352989623752413,925.5609900570159,4.5,False,1.8529896237524133,58.056636972121716,2025-07
SHP-0345,2025-07-07,North,WH-B,Road,Standard,4.1466608607185735,754.2297181976686,9.10706032652654,669.8584026956983,8.0,False,1.1070603265265397,161.54164162333225,2025-07
SHP-0033,2025-07-07,East,WH-A,Road,Standard,16.141357983409975,732.909981352734,10.442920424574293,1254.0412766889199,8.0,False,2.442920424574293,77.69118793956609,2025-07
SHP-0090,2025-07-07,North,WH-A,Road,Standard,9.219149371074568,176.11029375985393,7.792533875338236,446.18048847973324,8.0,True,0.0,48.397142786257646,2025-07
SHP-0457,2025-07-08,North,WH-A,Road,Express,9.630749462883289,82.07408590476527,4.840530063109464,638.198931214936,4.5,False,0.34053006310946365,66.26679820449505,2025-07
SHP-0006,2025-07-08,South,WH-D,Rail,Standard,18.432741434806882,143.45883703018782,8.981154256473982,277.21938795562113,8.0,False,0.9811542564739817,15.039509393439584,2025-07
SHP-0399,2025-07-09,West,WH-A,Road,Standard,17.151135000200647,752.7529363194024,7.5610651256313846,952.0026477635246,8.0,True,0.0,55.50668499503895,2025-07
SHP-0080,2025-07-09,North,WH-A,Air,Express,7.8998155354858905,532.8015872090375,3.3439268448030477,1191.466922350844,4.5,True,0.0,150.8221194531425,2025-07
SHP-0651,2025-07-09,North,WH-A,Road,Standard,15.960704306688188,440.53228015226097,9.591164520841028,725.1269897833095,8.0,False,1.591164520841028,45.4320170244274,2025-07
SHP-0174,2025-07-09,North,WH-A,Air,Standard,8.558005027717853,644.4686804301949,6.862933534835798,1108.4998877727776,8.0,True,0.0,129.52783787606387,2025-07
SHP-0035,2025-07-09,North,WH-C,Rail,Express,20.793297442736158,583.9205744601313,8.266904153634707,1162.0939354008904,4.5,False,3.766904153634707,55.88790996720202,2025-07
SHP-0550,2025-07-09,South,WH-D,Rail,Express,10.680828383948217,619.3667270028676,7.059032481667523,655.8155551230902,4.5,False,2.559032481667523,61.40118832998841,2025-07
SHP-0652,2025-07-10,South,WH-A,Road,Standard,14.30929173338481,581.1495147622729,8.671931672860941,796.4990463965521,8.0,False,0.671931672860941,55.663065736388,2025-07
SHP-0347,2025-07-10,East,WH-D,Road,Standard,16.92617346575635,182.38276919220291,7.561326415082983,610.618869872961,8.0,True,0.0,36.07542313732724,2025-07
SHP-0069,2025-07-10,North,WH-C,Road,Standard,16.827594433686603,178.7606608401006,9.505865598661355,627.5722350429867,8.0,False,1.5058655986613552,37.29423343996636,2025-07
SHP-0702,2025-07-11,North,WH-A,Road,Express,12.730784982243822,194.86253091268722,6.770856449792215,779.001128010181,4.5,False,2.2708564497922152,61.19034522197081,2025-07
SHP-0788,2025-07-11,East,WH-D,Road,Standard,8.057973140002042,258.10564547287987,7.850023984021297,526.8407527562456,8.0,True,0.0,65.38129919307625,2025-07
SHP-0905,2025-07-11,South,WH-D,Rail,Express,4.740427079400659,327.00103991790655,8.557458478963952,549.4955896712149,4.5,False,4.057458478963952,115.91689534873906,2025-07
SHP-0458,2025-07-11,North,WH-A,Rail,Standard,26.546604526633494,673.9186210980685,10.455565442402394,1071.9182422428319,8.0,False,2.455565442402394,40.37873247282548,2025-07
SHP-0022,2025-07-11,South,WH-B,Road,Standard,16.991859965666503,208.8855328657341,8.78467709675851,594.2119469532463,8.0,False,0.7846770967585108,34.97038865397326,2025-07
SHP-0328,2025-07-11,South,WH-A,Road,Standard,15.034687361470155,793.6937871425945,10.092884100050094,1100.4596689815696,8.0,False,2.092884100050094,73.19471582772985,2025-07
SHP-0542,2025-07-11,South,WH-A,Air,Standard,12.466801522763648,341.8169051352014,6.783757210235211,915.5773958632071,8.0,True,0.0,73.4412426628768,2025-07
SHP-0613,2025-07-13,West,WH-A,Road,Standard,13.030173754987239,53.47128775008463,7.978009315076593,425.28145843853974,8.0,True,0.0,32.638203176359426,2025-07
SHP-0293,2025-07-13,North,WH-C,Road,Standard,13.821907743590602,825.9306370482923,9.480611570834684,1054.7633967738743,8.0,False,1.480611570834684,76.31098516505305,2025-07
SHP-0975,2025-07-13,North,WH-A,Road,Standard,8.379932296191166,150.9976310536666,7.971486659557319,332.05661747985437,8.0,True,0.0,39.62521482790264,2025-07
SHP-0304,2025-07-14,East,WH-D,Road,Standard,25.907092351038383,481.5319771062083,10.771487980673797,1175.7669668232888,8.0,False,2.771487980673797,45.38398022023351,2025-07
SHP-0835,2025-07-14,West,WH-B,Rail,Standard,9.181256513884811,454.98902797035834,9.369898534739345,282.82100336670976,8.0,False,1.3698985347393453,30.804171840640727,2025-07
SHP-0833,2025-07-14,West,WH-A,Air,Standard,6.558138577843711,412.0081761062767,6.193320502650287,560.9874388771386,8.0,True,0.0,85.54065032605472,2025-07
SHP-0533,2025-07-15,West,WH-B,Road,Standard,11.341024578484857,383.31404355456084,7.563029699054995,495.5718694300854,8.0,True,0.0,43.69727496845731,2025-07
SHP-1088,2025-07-15,South,WH-A,Road,Express,32.08721068677648,78.39687150406782,6.018440771436886,738.3234994502524,4.5,False,1.518440771436886,23.009899696720108,2025-07
SHP-0418,2025-07-15,South,WH-D,Road,Standard,27.060192731654055,416.7835390870409,7.5709362164272225,1106.5181664240117,8.0,True,0.0,40.89099354897225,2025-07
SHP-0713,2025-07-16,West,WH-D,Road,Express,9.708839018471169,347.9316091717239,4.958446719341347,639.6247446090724,4.5,False,0.45844671934134684,65.88066229053541,2025-07
SHP-0743,2025-07-16,East,WH-A,Air,Standard,22.560313115346002,566.5409231713876,8.91554001763205,2135.133943253732,8.0,False,0.9155400176320505,94.6411484777385,2025-07
SHP-0946,2025-07-17,West,WH-B,Air,Standard,15.200373080774137,626.2888857169263,5.693220549655739,1672.1777754232817,8.0,True,0.0,110.00899560408156,2025-07
SHP-0231,2025-07-17,South,WH-B,Road,Standard,7.239945360931646,1041.4646693605396,9.21437693106613,839.5491287526514,8.0,False,1.2143769310661305,115.9606995493426,2025-07
SHP-0182,2025-07-17,South,WH-D,Road,Standard,4.0,536.371250799407,9.44367411223714,353.7476480190722,8.0,False,1.4436741122371402,88.43691200476805,2025-07
SHP-1193,2025-07-17,South,WH-A,Road,Standard,9.169081929539,426.4561071231319,7.741287159351399,216.48396952058062,8.0,True,0.0,23.61021214383073,2025-07
SHP-1073,2025-07-17,West,WH-D,Rail,Standard,23.69461444675175,252.57786974907788,11.103739162305791,547.4567540439845,8.0,False,3.103739162305791,23.104691375091537,2025-07
SHP-0220,2025-07-17,East,WH-C,Road,Standard,7.16845950369205,681.1530068708174,10.374805700339367,537.3609863276215,8.0,False,2.374805700339367,74.9618500391693,2025-07
SHP-0247,2025-07-18,East,WH-A,Air,Standard,7.418105487199145,612.7910352098307,7.429719547353456,905.7819566827344,8.0,True,0.0,122.10421626462077,2025-07
SHP-1129,2025-07-19,South,WH-D,Rail,Standard,31.624996298882394,377.68409050075394,11.65468647328684,842.0762969324292,8.0,False,3.6546864732868407,26.62692159626237,2025-07
SHP-0235,2025-07-20,West,WH-B,Air,Express,5.789336296886576,522.9733172058058,2.536911143740679,729.6955725716194,4.5,True,0.0,126.04131719970033,2025-07
SHP-0704,2025-07-20,North,WH-D,Road,Standard,63.751674813837475,731.500412395763,12.07510331582191,3355.022472689878,8.0,False,4.075103315821909,52.62642091344181,2025-07
SHP-0112,2025-07-20,East,WH-A,Road,Standard,9.357215560591722,896.4358966825254,10.647813899141447,837.0039243072638,8.0,False,2.647813899141447,89.45010605850938,2025-07
SHP-1171,2025-07-21,North,WH-A,Road,Standard,32.90909940278295,486.05890344924865,10.464930920654286,1410.8910167268932,8.0,False,2.464930920654286,42.8723678961443,2025-07
SHP-0908,2025-07-21,North,WH-A,Road,Standard,13.636579084793345,986.4313676083432,9.2028728564695,1169.4678269036738,8.0,False,1.2028728564695008,85.75961900941789,2025-07
SHP-0073,2025-07-21,East,WH-A,Road,Standard,5.969554474598465,414.44040900440774,9.1064343122241,537.7401506771155,8.0,False,1.1064343122240992,90.08044954867188,2025-07
SHP-0635,2025-07-21,South,WH-D,Air,Standard,13.416498241625222,1053.367289292646,9.118267385119802,2507.928983916137,8.0,False,1.1182673851198022,186.92873048909195,2025-07
SHP-0751,2025-07-21,East,WH-B,Rail,Standard,47.4626194582783,453.16105883116165,12.24684833688228,1393.0895419640153,8.0,False,4.24684833688228,29.3512991458173,2025-07
SHP-0666,2025-07-22,South,WH-A,Rail,Standard,20.070686274852363,291.16993733069955,10.851393518120563,508.38456179154656,8.0,False,2.851393518120563,25.32970496522228,2025-07
SHP-0223,2025-07-22,West,WH-B,Air,Standard,18.74679805656308,737.0439788623105,8.560149175250238,2387.999724002565,8.0,False,0.5601491752502383,127.38173829991989,2025-07
SHP-0977,2025-07-22,South,WH-B,Rail,Standard,8.781723033182642,532.3920486719139,9.687950387136631,488.2914676279867,8.0,False,1.687950387136631,55.603150518745274,2025-07
SHP-0474,2025-07-23,West,WH-A,Road,Standard,14.602682205921997,261.6240657340821,10.22305924904567,541.0437085819517,8.0,False,2.2230592490456704,37.050981521910806,2025-07
SHP-0759,2025-07-24,North,WH-B,Air,Standard,11.630000488718423,195.48415732950926,6.773858296039252,645.8627055484208,8.0,True,0.0,55.53419418812012,2025-07
SHP-0818,2025-07-24,South,WH-B,Road,Standard,53.162323227651605,310.83728895661153,11.679944550059865,1340.8687429327917,8.0,False,3.679944550059865,25.222162266892024,2025-07
SHP-0574,2025-07-25,North,WH-C,Rail,Standard,10.052862678608562,448.5741161117196,11.012163186231389,554.55140767665,8.0,False,3.0121631862313887,55.16353156366865,2025-07
SHP-0060,2025-07-25,North,WH-B,Road,Express,7.655482330495983,606.6566904163506,6.265011204872841,838.9620706966653,4.5,False,1.7650112048728408,109.5897076732343,2025-07
SHP-0881,2025-07-26,North,WH-A,Road,Standard,8.377441452725883,1273.9951293263762,10.431115330270606,1019.8072205378205,8.0,False,2.4311153302706057,121.7325392594647,2025-07
SHP-0782,2025-07-26,North,WH-B,Road,Standard,39.945831459602076,879.5684298108531,11.78944611444641,2820.5306407457206,8.0,False,3.7894461144464096,70.60888552534381,2025-07
SHP-0134,2025-07-26,North,WH-D,Rail,Standard,21.22974299854062,402.4093781039222,10.606428023494377,640.5205015711194,8.0,False,2.6064280234943773,30.17090228624766,2025-07
SHP-0296,2025-07-27,North,WH-A,Road,Standard,13.514961231911958,403.07473743038236,8.902177900415447,685.6899121433445,8.0,False,0.9021779004154471,50.73561813290826,2025-07
SHP-0083,2025-07-27,West,WH-D,Air,Express,14.428071453246357,483.7912820169736,4.810049392820805,1472.8428049769032,4.5,False,0.31004939282080457,102.08175151818432,2025-07
SHP-0275,2025-07-27,East,WH-B,Air,Express,30.752414117452744,400.67233307974357,6.03343938374119,2505.942926627901,4.5,False,1.5334393837411904,81.48768148923038,2025-07
SHP-1138,2025-07-29,South,WH-D,Air,Express,11.137597661652832,339.2646207089709,4.090146423437254,1260.041760071092,4.5,True,0.0,113.13407059131463,2025-07
SHP-1182,2025-07-29,East,WH-D,Road,Express,18.894441868545105,513.5726011394352,6.513502743359199,1204.9561956027248,4.5,False,2.013502743359199,63.77305050797502,2025-07
SHP-0986,2025-07-31,East,WH-C,Road,Standard,12.391110892969259,207.37880369267614,8.546537934795447,593.2619476688382,8.0,False,0.5465379347954471,47.87802746608104,2025-07
SHP-0918,2025-07-31,South,WH-D,Rail,Express,6.8959003805589445,675.5821088260061,6.437487656714734,522.8722193771023,4.5,False,1.937487656714734,75.823632958967,2025-07
SHP-0705,2025-07-31,West,WH-B,Road,Standard,11.573520825747677,741.7213617506756,9.378937079210676,1003.6349762004726,8.0,False,1.3789370792106759,86.71820713085687,2025-07
SHP-0082,2025-08-01,South,WH-C,Road,Standard,9.018940372653763,866.8620209425627,7.873635493729278,722.6144838890813,8.0,True,0.0,80.12188284114987,2025-08
SHP-1043,2025-08-01,East,WH-B,Road,Standard,11.932902953170784,241.04941726268163,7.869693702570651,511.70057006568123,8.0,True,0.0,42.88148257584826,2025-08
SHP-0665,2025-08-01,South,WH-B,Rail,Express,5.363756742041676,1115.4719596706188,7.485849192729057,687.4948079459008,4.5,False,2.9858491927290567,128.1741214244945,2025-08
SHP-0885,2025-08-02,East,WH-A,Road,Express,10.580867608882743,739.7433069515993,6.284856295027454,1141.2381360395198,4.5,False,1.7848562950274536,107.85865377253555,2025-08
SHP-0123,2025-08-02,North,WH-D,Road,Standard,6.703775250804717,541.1639780804196,7.767589082575065,473.75957359440395,8.0,True,0.0,70.670563357197,2025-08
SHP-0864,2025-08-02,South,WH-D,Road,Standard,11.344170208628277,658.7710606796539,9.382520382607343,802.5061583100154,8.0,False,1.3825203826073427,70.74172403545533,2025-08
SHP-1156,2025-08-02,East,WH-B,Road,Express,13.0754067076936,862.1644570800365,10.263968596508528,1534.1495024435246,4.5,False,5.763968596508528,117.33092031017493,2025-08
SHP-0393,2025-08-03,North,WH-C,Air,Standard,4.0,377.9381206677741,6.065830554699516,741.8238802095619,8.0,True,0.0,185.45597005239048,2025-08
SHP-0078,2025-08-03,West,WH-D,Road,Standard,21.539023663643608,604.3898934928342,10.159013658066183,1076.6647122930794,8.0,False,2.1590136580661827,49.98669991297774,2025-08
SHP-0595,2025-08-03,North,WH-A,Rail,Standard,23.736734513537044,827.3770894062043,10.192591574634813,1068.9085620903675,8.0,False,2.192591574634813,45.031828682280185,2025-08
SHP-0010,2025-08-03,East,WH-C,Road,Standard,24.27777244746641,937.920419159977,11.806592601247374,1730.7363683123738,8.0,False,3.806592601247374,71.28892784778492,2025-08
SHP-0525,2025-08-03,West,WH-B,Road,Standard,15.867650679322201,115.76103585367798,8.597707922456108,386.07952367444915,8.0,False,0.5977079224561077,24.33123412387478,2025-08
SHP-0889,2025-08-04,West,WH-B,Rail,Standard,5.022630364611781,752.117181039807,8.707184208190318,457.66212002531705,8.0,False,0.7071842081903181,91.12000820324981,2025-08
SHP-1102,2025-08-04,South,WH-C,Air,Standard,5.766063776191007,442.84959882467973,5.084077407106221,790.8284890420089,8.0,True,0.0,137.15222719309233,2025-08
SHP-0118,2025-08-04,North,WH-C,Road,Standard,10.86395061615511,287.476839090483,7.540916288560425,468.643351889305,8.0,True,0.0,43.13747074590107,2025-08
SHP-0088,2025-08-05,East,WH-D,Road,Standard,37.33223978976158,50.07086356276195,9.463686229396995,548.750068228864,8.0,False,1.4636862293969948,14.699093098061573,2025-08
SHP-0733,2025-08-05,West,WH-A,Rail,Standard,10.455031110488978,89.25256979719221,9.39802628990844,287.34937584189487,8.0,False,1.3980262899084401,27.484315714145747,2025-08
SHP-0564,2025-08-05,West,WH-B,Road,Express,39.37762851263243,562.2238353728466,7.734607773048499,1771.6577721737826,4.5,False,3.2346077730484986,44.99147965717212,2025-08
SHP-0624,2025-08-05,East,WH-B,Road,Standard,22.656287206284826,739.0138344229492,9.655332328641114,1529.0344851002499,8.0,False,1.655332328641114,67.4883078228324,2025-08
SHP-0557,2025-08-05,South,WH-A,Road,Standard,30.848156577887085,1035.247325322467,10.702149811252255,2238.4446016361576,8.0,False,2.702149811252255,72.5633181997249,2025-08
SHP-0537,2025-08-05,South,WH-A,Air,Express,4.0364034267488424,80.08706365156587,1.29722739553384,558.7385618229418,4.5,True,0.0,138.42485568222372,2025-08
SHP-0475,2025-08-06,South,WH-A,Road,Express,6.297742387158033,362.98650302204334,5.794909952541702,572.9989999805958,4.5,False,1.294909952541702,90.98482674506026,2025-08
SHP-0857,2025-08-06,North,WH-B,Road,Standard,11.0250999920775,296.9188483245936,8.06445762067844,492.9725236619267,8.0,False,0.0644576206784393,44.71365556921666,2025-08
SHP-1135,2025-08-06,South,WH-C,Road,Standard,24.590987418860582,149.83290764957923,6.835099333207944,609.0860121500942,8.0,True,0.0,24.768668365180925,2025-08
SHP-0130,2025-08-06,South,WH-D,Road,Standard,19.711486337003063,131.48146163535617,8.61644587189821,629.7390354272783,8.0,False,0.6164458718982093,31.94782091318558,2025-08
SHP-0218,2025-08-06,South,WH-B,Road,Standard,5.221400647982729,635.4549205352135,8.345041043391296,701.3942467195861,8.0,False,0.34504104339129604,134.33066987314362,2025-08
SHP-0070,2025-08-06,South,WH-D,Air,Standard,40.096368601336955,277.24375054553263,7.734574429097195,1832.780445597221,8.0,True,0.0,45.70938739664593,2025-08
SHP-0332,2025-08-08,West,WH-B,Rail,Standard,10.825605008044484,161.94995119309357,9.89129969464276,522.371572584711,8.0,False,1.8912996946427594,48.25333754524923,2025-08
SHP-0469,2025-08-08,South,WH-C,Rail,Standard,17.691166282149485,374.972521898369,8.945670463638159,513.7420768170876,8.0,False,0.9456704636381588,29.039469112641665,2025-08
SHP-0967,2025-08-08,East,WH-D,Air,Standard,13.048151784438193,232.93159429584264,7.518181750083785,896.8883261446086,8.0,True,0.0,68.73680970007396,2025-08
SHP-0643,2025-08-08,East,WH-D,Road,Express,20.885071127834685,75.01979936872011,7.09020160339951,841.8307995235808,4.5,False,2.5902016033995103,40.307777472762666,2025-08
SHP-0698,2025-08-08,East,WH-A,Road,Standard,8.014692713114675,435.149148795998,10.163822591975183,515.1785451918023,8.0,False,2.1638225919751832,64.27926355165191,2025-08
SHP-0209,2025-08-08,West,WH-D,Road,Standard,9.383313926290333,1402.7665037734184,12.152664534221426,1200.5558063257195,8.0,False,4.152664534221426,127.94582124786226,2025-08
SHP-0706,2025-08-08,South,WH-D,Rail,Standard,6.878507524151152,594.1989548232888,10.938766031063018,546.6021003140323,8.0,False,2.938766031063018,79.46521805709389,2025-08
SHP-0596,2025-08-09,North,WH-B,Road,Standard,11.55740746926129,317.3133142431033,7.428963088746684,352.81507978800806,8.0,True,0.0,30.527181872437588,2025-08
SHP-0776,2025-08-10,East,WH-C,Rail,Standard,21.690245218328453,1256.6486097937486,14.009169664909274,1600.5810328698442,8.0,False,6.009169664909274,73.79266655396495,2025-08
SHP-0481,2025-08-10,North,WH-D,Rail,Standard,9.945592232311963,713.4637247230543,11.92514373531208,707.6302168650532,8.0,False,3.92514373531208,71.15013368093382,2025-08
SHP-0145,2025-08-10,West,WH-C,Road,Standard,16.150952735485625,662.5021304382884,8.865922586885672,850.2316607780972,8.0,False,0.8659225868856719,52.64281771502147,2025-08
SHP-0575,2025-08-11,East,WH-A,Road,Standard,26.008974425326254,485.75756670419634,10.07290481083827,1194.2491977743027,8.0,False,2.0729048108382706,45.916812337336985,2025-08
SHP-0491,2025-08-11,East,WH-B,Road,Standard,33.49765337990448,395.6892887133945,9.89642438786751,1420.1316015864547,8.0,False,1.8964243878675102,42.39495780436977,2025-08
SHP-0591,2025-08-11,South,WH-B,Road,Standard,20.194945456931844,529.4636007837258,9.615748461556697,1113.0734117778918,8.0,False,1.6157484615566968,55.116435652260364,2025-08
SHP-0964,2025-08-11,South,WH-A,Road,Express,4.319847864390419,382.88363920823014,5.309011506412907,683.6833879753158,4.5,False,0.8090115064129071,158.26561708598308,2025-08
SHP-0355,2025-08-11,North,WH-A,Air,Standard,28.078887245385665,185.25369403115914,8.275901497584693,1194.254062479947,8.0,False,0.27590149758469273,42.53210079313967,2025-08
SHP-0212,2025-08-12,East,WH-C,Air,Standard,11.742786758917196,1033.6160285144601,9.340872122061624,2180.4523072748566,8.0,False,1.340872122061624,185.68439945646398,2025-08
SHP-0684,2025-08-12,North,WH-B,Road,Standard,19.12349448764423,583.6937482126389,10.754473717855479,1017.8677302039504,8.0,False,2.754473717855479,53.22603203413471,2025-08
SHP-0726,2025-08-12,South,WH-D,Air,Express,12.918156310896357,205.67445859717844,3.1382924216160637,728.3369186826452,4.5,True,0.0,56.380872096144174,2025-08
SHP-0551,2025-08-12,North,WH-D,Rail,Standard,19.164430734542062,228.36911410604466,9.785952015233317,356.25524930886144,8.0,False,1.7859520152333168,18.589398988342776,2025-08
SHP-0186,2025-08-13,South,WH-C,Road,Standard,4.0,181.10399624667667,9.514210562132867,466.74209161729624,8.0,False,1.5142105621328668,116.68552290432406,2025-08
SHP-0987,2025-08-13,North,WH-D,Air,Standard,9.197489413121259,208.39048228629437,5.792433641829373,516.519784584316,8.0,True,0.0,56.15878000875348,2025-08
SHP-0175,2025-08-13,East,WH-A,Rail,Express,23.402396908676256,217.32762539876234,8.196357537446723,864.2760046075248,4.5,False,3.6963575374467226,36.931089066654586,2025-08
SHP-1068,2025-08-13,South,WH-B,Road,Standard,8.900898321251573,315.069056124431,8.415202575866402,386.13828419002533,8.0,False,0.4152025758664024,43.38194531085596,2025-08
SHP-0213,2025-08-13,West,WH-B,Road,Standard,8.998728134206134,958.2157383502373,9.791866612163874,808.815759459708,8.0,False,1.791866612163874,89.88111957569008,2025-08
SHP-0790,2025-08-14,South,WH-C,Road,Standard,18.35564331656624,484.190052833366,10.452649453403843,936.9815147193403,8.0,False,2.4526494534038434,51.045964369644324,2025-08
SHP-0318,2025-08-14,West,WH-D,Road,Standard,7.492154326754631,348.9445057618709,7.37087398882958,303.193438171298,8.0,True,0.0,40.4681250476366,2025-08
SHP-0939,2025-08-14,North,WH-D,Rail,Standard,13.552516069350096,696.9798523956188,10.480709290837952,627.4743621781925,8.0,False,2.480709290837952,46.29947376319788,2025-08
SHP-0125,2025-08-15,South,WH-A,Road,Express,9.379092170747434,143.42819810359507,4.730668992079256,526.5573522485655,4.5,False,0.23066899207925573,56.14161185992518,2025-08
SHP-0287,2025-08-15,North,WH-D,Rail,Express,17.03685858801224,776.1483530768829,10.0936169995741,1001.728074166371,4.5,False,5.593616999574101,58.797698471901604,2025-08
SHP-0903,2025-08-15,West,WH-A,Road,Standard,5.219448856297392,270.88619753896796,7.819280504854118,346.90489180173324,8.0,True,0.0,66.46389328696728,2025-08
SHP-0670,2025-08-15,West,WH-D,Road,Standard,12.325885962161433,830.9859485013382,9.053228306476635,809.2732377088009,8.0,False,1.053228306476635,65.65639502045896,2025-08
SHP-0543,2025-08-15,West,WH-C,Road,Standard,18.93999490415751,261.4591650414063,9.386532971198562,728.8218148299213,8.0,False,1.3865329711985623,38.48057079835529,2025-08
SHP-0701,2025-08-16,East,WH-C,Road,Standard,7.939832324034286,449.9896803791093,8.594475083936768,705.6305624195692,8.0,False,0.5944750839367678,88.87222470474455,2025-08
SHP-1100,2025-08-16,North,WH-B,Road,Standard,18.197285360368326,747.397295208925,9.343160495450132,1163.1343164012899,8.0,False,1.3431604954501317,63.91801267976309,2025-08
SHP-0926,2025-08-16,South,WH-D,Rail,Standard,9.427002570472313,295.13988833248607,8.769870994920174,441.6339809733834,8.0,False,0.7698709949201739,46.847762867561904,2025-08
SHP-0783,2025-08-17,East,WH-A,Road,Standard,5.937017998506451,228.33223398297133,8.090481683263713,569.3322186196017,8.0,False,0.09048168326371275,95.89531626193926,2025-08
SHP-0439,2025-08-17,North,WH-B,Road,Express,9.363345239580445,545.912072440226,5.673600575119207,849.2927328453123,4.5,False,1.173600575119207,90.70398571391004,2025-08
SHP-1038,2025-08-17,South,WH-C,Road,Standard,22.463519576482387,220.44192280193928,7.039753582766831,763.8419223321359,8.0,True,0.0,34.003661791797796,2025-08
SHP-0668,2025-08-17,East,WH-A,Road,Standard,10.075578314929013,1245.511514525517,11.235212544513853,1392.075009166561,8.0,False,3.2352125445138533,138.16328608194326,2025-08
SHP-0942,2025-08-17,West,WH-B,Road,Standard,19.920216258296573,341.8037025443078,8.69649193093335,685.502209713997,8.0,False,0.6964919309333499,34.41238793923696,2025-08
SHP-0962,2025-08-17,West,WH-D,Rail,Standard,18.256615140964136,96.89126905121587,9.954388399731435,559.3174061009265,8.0,False,1.9543883997314353,30.636424210199394,2025-08
SHP-0605,2025-08-18,West,WH-C,Road,Standard,11.867674382595462,341.8862729455944,8.708666823514047,629.3657994909232,8.0,False,0.7086668235140472,53.03194031123062,2025-08
SHP-0312,2025-08-18,West,WH-B,Air,Standard,14.691241564492572,434.9376466447828,5.914997177611085,1247.771097680931,8.0,True,0.0,84.93299168782869,2025-08
SHP-1082,2025-08-19,North,WH-C,Road,Express,50.678171418054525,821.6320740785858,8.714569515556608,3197.0025128148795,4.5,False,4.214569515556608,63.08440938885022,2025-08
SHP-0141,2025-08-19,South,WH-D,Road,Standard,12.750082461007707,652.7682461708887,7.933440633266862,810.0238240642439,8.0,True,0.0,63.53086943095922,2025-08
SHP-0911,2025-08-19,East,WH-C,Rail,Standard,11.534788264872125,510.36066514118227,11.640427066958683,555.0686852531791,8.0,False,3.640427066958683,48.12127214710799,2025-08
SHP-0108,2025-08-19,West,WH-C,Road,Standard,32.965855271462694,640.5787042739506,12.563484282242579,1863.258977739971,8.0,False,4.5634842822425785,56.52087477775601,2025-08
SHP-0146,2025-08-19,South,WH-D,Air,Express,26.32727698521718,492.7999063783426,3.844166903267599,2410.3314374824126,4.5,True,0.0,91.55262957258431,2025-08
SHP-0173,2025-08-19,West,WH-B,Road,Standard,8.873293217736345,1094.5816571080466,9.810484857471744,713.2107775673842,8.0,False,1.810484857471744,80.37723538108555,2025-08
SHP-0922,2025-08-21,West,WH-A,Road,Standard,19.23673067505102,515.9258551517376,7.725464325156547,826.6217179086757,8.0,True,0.0,42.97100852905107,2025-08
SHP-0674,2025-08-21,North,WH-C,Road,Express,12.706978184074886,161.6551047588086,5.417979422082821,700.8996385967622,4.5,False,0.917979422082821,55.158640271781515,2025-08
SHP-0570,2025-08-21,West,WH-B,Road,Standard,5.3139364101630395,283.80914247380775,8.089438129209158,321.43446862566054,8.0,False,0.08943812920915839,60.48895655034729,2025-08
SHP-0179,2025-08-21,West,WH-B,Rail,Standard,15.839557646142422,254.62851664625367,8.804377599609902,574.3527495826194,8.0,False,0.8043775996099018,36.26065591058332,2025-08
SHP-0337,2025-08-21,West,WH-A,Road,Standard,11.066444279678437,294.979351282588,8.302571294215756,483.2536173789751,8.0,False,0.3025712942157561,43.66837307141054,2025-08
SHP-0851,2025-08-21,North,WH-A,Road,Standard,11.117105961175914,110.98180400644526,8.30562424044981,475.7343018963571,8.0,False,0.3056242404498093,42.79299878563325,2025-08
SHP-0194,2025-08-21,North,WH-D,Rail,Standard,12.566030194181076,830.7202346965646,11.95090130149897,752.0209427251418,8.0,False,3.95090130149897,59.845546374174596,2025-08
SHP-0271,2025-08-21,West,WH-B,Road,Standard,12.24962671504865,259.35718670350315,6.410306998765805,425.7067032664954,8.0,True,0.0,34.75262660400217,2025-08
SHP-0188,2025-08-22,West,WH-B,Road,Standard,13.745886252641155,288.4533820159456,7.0685084626613435,498.339917951226,8.0,True,0.0,36.25374957947686,2025-08
SHP-0597,2025-08-23,South,WH-C,Air,Express,19.12478245510244,875.7167247719477,4.527588234582465,2886.2048275653183,4.5,False,0.027588234582465176,150.9143873579219,2025-08
SHP-0820,2025-08-23,South,WH-D,Road,Express,18.810323224063964,453.75932921558456,6.523675586527668,1043.7194098576745,4.5,False,2.023675586527668,55.48652181172776,2025-08
SHP-0931,2025-08-24,South,WH-B,Road,Standard,20.35371661502003,978.3131785414571,10.507112342674827,1419.5995811766302,8.0,False,2.5071123426748265,69.74645505917265,2025-08
SHP-1024,2025-08-24,East,WH-B,Road,Standard,12.668430489228228,255.86822011764934,8.227912192700773,578.3217598944227,8.0,False,0.22791219270077256,45.650624233693414,2025-08
SHP-0028,2025-08-24,North,WH-A,Road,Standard,14.987129624236257,294.2323847454797,8.530767269815607,610.2846619883315,8.0,False,0.5307672698156072,40.7205834132119,2025-08
SHP-0775,2025-08-24,South,WH-B,Road,Standard,17.81635990829084,112.97490015210063,8.442546364503233,401.86899287447,8.0,False,0.44254636450323304,22.55617841933359,2025-08
SHP-1051,2025-08-25,North,WH-A,Road,Standard,9.815969235093398,202.355637090807,8.086121927129268,581.4168820755352,8.0,False,0.08612192712926792,59.23173434538613,2025-08
SHP-0147,2025-08-25,East,WH-B,Rail,Standard,11.372767863574524,868.5434080293423,11.900487087337272,672.488314994034,8.0,False,3.9004870873372717,59.13145533796794,2025-08
SHP-0455,2025-08-25,West,WH-B,Road,Standard,14.839818405325856,532.6377315042105,8.475840101468505,747.9749541171117,8.0,False,0.47584010146850453,50.40324171680371,2025-08
SHP-0084,2025-08-25,West,WH-C,Road,Standard,10.839072860587793,1500.0,10.469808908408915,1145.385384495983,8.0,False,2.4698089084089148,105.67189640921649,2025-08
SHP-0309,2025-08-26,West,WH-B,Road,Standard,18.53330778903453,447.46458514734877,7.367175737365706,577.4598805715422,8.0,True,0.0,31.157950169758887,2025-08
SHP-0898,2025-08-26,North,WH-C,Road,Standard,15.744651522007228,810.7493339161687,10.542338047224227,1207.3014945133616,8.0,False,2.542338047224227,76.6801026256977,2025-08
SHP-0473,2025-08-26,East,WH-B,Road,Standard,10.00716603553359,980.7910959226541,9.575123918684596,982.9195459241562,8.0,False,1.5751239186845964,98.22156866729215,2025-08
SHP-0865,2025-08-27,South,WH-B,Road,Standard,11.512829717262747,516.9614881585312,8.64409656723339,630.9136472044444,8.0,False,0.6440965672333903,54.8009188617139,2025-08
SHP-0900,2025-08-27,South,WH-A,Road,Standard,24.2700426882883,286.1699818934715,7.293188278420144,668.6543102436134,8.0,True,0.0,27.550602973033822,2025-08
SHP-0600,2025-08-27,East,WH-D,Rail,Standard,11.031742092190829,486.95669749178734,12.049892117987588,623.9728836995638,8.0,False,4.0498921179875875,56.56159095137503,2025-08
SHP-0727,2025-08-27,East,WH-A,Road,Standard,14.443761896974545,429.5877676360987,9.526288058532886,750.6688211202221,8.0,False,1.5262880585328862,51.971835763746604,2025-08
SHP-0448,2025-08-27,South,WH-C,Rail,Standard,7.3172138212721505,244.50011850926086,8.659126447786647,484.61974065938614,8.0,False,0.6591264477866474,66.23009146603447,2025-08
SHP-0822,2025-08-28,South,WH-D,Road,Standard,19.704505019400283,537.442111751328,9.415319878038984,996.2955675677025,8.0,False,1.415319878038984,50.56181652808781,2025-08
SHP-0232,2025-08-28,North,WH-D,Road,Express,18.466400918156907,540.8173231248086,7.20474020270896,1217.8335924672756,4.5,False,2.70474020270896,65.9486165097744,2025-08
SHP-0707,2025-08-28,West,WH-C,Road,Standard,14.882051575845685,333.28019526443495,8.218182329118381,760.8876645848527,8.0,False,0.2181823291183811,51.12787445380256,2025-08
SHP-0142,2025-08-29,West,WH-B,Road,Standard,13.97051551171587,200.13755637856752,7.822823193798687,343.4022026015153,8.0,True,0.0,24.58049613942545,2025-08
SHP-0052,2025-08-30,West,WH-C,Air,Express,15.77888996756703,503.67510002405425,5.508826678525532,1955.2696963895396,4.5,False,1.0088266785255318,123.91680912969986,2025-08
SHP-0523,2025-08-30,East,WH-A,Road,Standard,27.334736567228283,460.72956970968073,11.848177703401962,1105.579836855898,8.0,False,3.848177703401962,40.44596640383876,2025-08
SHP-0718,2025-08-30,South,WH-D,Air,Standard,6.356818067282413,1175.308679378906,8.626943850295802,1297.54369543737,8.0,False,0.6269438502958025,204.11842555564587,2025-08
SHP-0642,2025-08-30,North,WH-A,Rail,Standard,10.588244423192823,246.8466009063779,11.14955136970779,591.9136489692096,8.0,False,3.1495513697077904,55.90290753702884,2025-08
SHP-1116,2025-08-31,West,WH-C,Road,Standard,7.39632501913862,995.7176673616624,10.06003475012864,843.893340652288,8.0,False,2.06003475012864,114.09630302462942,2025-08
SHP-0959,2025-08-31,North,WH-B,Road,Standard,8.412319742064026,393.96520976416497,8.223218062148044,464.3606125559013,8.0,False,0.22321806214804418,55.20006690116214,2025-08
SHP-0156,2025-08-31,North,WH-C,Road,Express,8.073677101804943,134.86587812566952,5.45341491026703,533.6731780302375,4.5,False,0.9534149102670302,66.10038663930838,2025-08
SHP-0040,2025-09-01,North,WH-C,Rail,Express,9.951753334253636,181.5081958060282,5.948927002405274,593.5384060262908,4.5,False,1.4489270024052736,59.64159139509109,2025-09
SHP-1177,2025-09-01,South,WH-D,Road,Standard,8.52267655809262,627.9354946448133,9.080437870386493,809.1742066242288,8.0,False,1.0804378703864934,94.9436718745223,2025-09
SHP-0371,2025-09-03,South,WH-A,Rail,Standard,12.373331583535114,319.0286278907875,10.640456094782511,532.137596977857,8.0,False,2.640456094782511,43.00681618247096,2025-09
SHP-0486,2025-09-03,South,WH-A,Road,Express,5.929625765000735,276.9994603443814,6.065399107759513,629.3689649310044,4.5,False,1.5653991077595126,106.1397447113471,2025-09
SHP-0462,2025-09-04,West,WH-B,Rail,Standard,14.386181274290042,773.6232351507985,7.785188682756025,682.8866664804398,8.0,True,0.0,47.46823729385686,2025-09
SHP-0221,2025-09-04,West,WH-B,Rail,Standard,20.13642833001044,496.8766279794353,9.275267891992808,677.4860860909564,8.0,False,1.275267891992808,33.64479911669644,2025-09
SHP-0803,2025-09-04,East,WH-B,Air,Standard,10.20764085681665,491.8018789956959,7.2323296727734085,1093.2124555874436,8.0,True,0.0,107.09746462694147,2025-09
SHP-0501,2025-09-04,North,WH-B,Road,Express,15.329368071364375,943.6166362479195,7.437180860293238,1462.109061709774,4.5,False,2.937180860293238,95.3796043583185,2025-09
SHP-0958,2025-09-04,North,WH-B,Road,Standard,9.602593386096125,413.6598531007963,8.124063423958535,674.1346522326999,8.0,False,0.12406342395853542,70.2033945547251,2025-09
SHP-0375,2025-09-04,East,WH-D,Road,Standard,21.283449221731154,330.1081204490688,9.20074359660916,863.2202798137035,8.0,False,1.2007435966091595,40.55828878207979,2025-09
SHP-0539,2025-09-06,South,WH-A,Road,Standard,12.023448240099686,995.6372689544403,7.933997339542161,961.2479482888409,8.0,True,0.0,79.94777613654627,2025-09
SHP-0861,2025-09-06,West,WH-D,Road,Standard,8.924683455848626,440.6039678695592,7.343661003784503,475.5329253515829,8.0,True,0.0,53.2828898306697,2025-09
SHP-0799,2025-09-06,West,WH-A,Rail,Standard,9.907406942700229,473.65477673055386,8.753868653809189,541.2314389699227,8.0,False,0.7538686538091888,54.628970234103654,2025-09
SHP-0824,2025-09-06,South,WH-A,Road,Standard,6.39474540947009,953.1299202740835,8.820750695920333,663.9740567816557,8.0,False,0.8207506959203332,103.83119487421108,2025-09
SHP-0492,2025-09-07,East,WH-B,Rail,Express,22.692489278426482,130.44375788688484,6.558719670832011,791.4190883514375,4.5,False,2.0587196708320112,34.875816339101746,2025-09
SHP-0768,2025-09-07,West,WH-B,Road,Standard,12.902198207601568,587.4233256662214,9.409577927767302,730.5560093805407,8.0,False,1.4095779277673017,56.622600089194115,2025-09
SHP-0484,2025-09-07,North,WH-D,Road,Standard,25.191199381803926,628.5969820622021,11.019020788705204,1448.9889485449598,8.0,False,3.0190207887052036,57.5196490879109,2025-09
SHP-1187,2025-09-08,West,WH-B,Road,Standard,19.737559943193112,391.4846207951199,8.910618247516307,818.3860016073761,8.0,False,0.9106182475163074,41.46338270600732,2025-09
SHP-0777,2025-09-08,West,WH-B,Road,Express,34.611454399028275,667.8941403902503,6.7960093959271,2083.9967705284585,4.5,False,2.2960093959270997,60.21118750175858,2025-09
SHP-0719,2025-09-08,West,WH-B,Rail,Standard,10.195589294749732,472.03631060712706,8.290318366638306,454.333640490761,8.0,False,0.29031836663830646,44.56178327276505,2025-09
SHP-0667,2025-09-09,East,WH-B,Road,Standard,5.99347101005107,749.5288907744185,9.378622333046474,569.7676144559665,8.0,False,1.378622333046474,95.06471517096928,2025-09
SHP-0079,2025-09-09,West,WH-A,Road,Express,16.868658525539935,284.5619260749856,4.803996652466695,770.3727449372644,4.5,False,0.3039966524666946,45.66888017626797,2025-09
SHP-0789,2025-09-09,North,WH-A,Road,Standard,19.35556603830565,284.03189377601046,6.3401894915014125,542.5507205582194,8.0,True,0.0,28.030733871821877,2025-09
SHP-0089,2025-09-09,East,WH-C,Air,Standard,4.703950379137879,666.8579102412126,6.277498524087096,768.901514237073,8.0,True,0.0,163.45867882602838,2025-09
SHP-0629,2025-09-09,West,WH-D,Rail,Standard,13.416116826950304,335.2538855362294,9.83608273264233,482.11053483300117,8.0,False,1.8360827326423301,35.93517714936242,2025-09
SHP-0242,2025-09-09,North,WH-A,Road,Standard,11.484431987194858,270.3675973887971,6.7149519871250964,444.72352481227745,8.0,True,0.0,38.72403313530388,2025-09
SHP-0259,2025-09-09,West,WH-A,Road,Standard,16.04343714413174,1209.45237389388,10.293637118207322,1329.2275320769734,8.0,False,2.2936371182073216,82.85179292538128,2025-09
SHP-0879,2025-09-10,West,WH-A,Road,Standard,14.744849467067128,298.4333794412545,6.965290853200506,561.2997179774749,8.0,True,0.0,38.06751091159983,2025-09
SHP-0710,2025-09-10,East,WH-A,Road,Standard,12.920483306289281,774.5697156038889,10.769131146177356,1310.0298245129816,8.0,False,2.7691311461773562,101.3917044322406,2025-09
SHP-0027,2025-09-10,North,WH-A,Road,Standard,6.6393388193326945,460.7066241318285,7.76029729449514,576.1863644097604,8.0,True,0.0,86.78369640241851,2025-09
SHP-0348,2025-09-10,North,WH-D,Road,Express,12.40913070985745,460.23489769986355,4.716748702957276,891.3815624000597,4.5,False,0.21674870295727633,71.83271602514206,2025-09
SHP-0522,2025-09-10,North,WH-A,Rail,Standard,6.015809053134095,170.12664501113917,9.934298575260637,373.939166281647,8.0,False,1.9342985752606374,62.15941413347112,2025-09
SHP-0604,2025-09-10,South,WH-C,Road,Standard,12.944901972182414,114.73292550829572,8.127234706736719,351.97431461861635,8.0,False,0.12723470673671855,27.190187718298812,2025-09
SHP-0480,2025-09-11,North,WH-B,Rail,Standard,23.743429042062033,347.73104452295354,7.63751685866332,784.484521491782,8.0,True,0.0,33.04006847966439,2025-09
SHP-1124,2025-09-11,South,WH-A,Road,Standard,14.24432666343111,364.55035139713107,8.25658749345089,698.4018513894952,8.0,False,0.2565874934508905,49.03017656724163,2025-09
SHP-0266,2025-09-11,North,WH-B,Road,Standard,13.619322235140753,666.54700198078,8.01381585138671,813.6500100276745,8.0,False,0.01381585138670971,59.74232755344345,2025-09
SHP-1087,2025-09-11,East,WH-C,Road,Standard,32.42902689372562,349.4130299028888,10.539232650606694,1191.6892708386963,8.0,False,2.539232650606694,36.74761116773642,2025-09
SHP-0286,2025-09-11,East,WH-A,Air,Standard,18.83698322111004,182.2324934607089,7.578069332664469,995.0627575171081,8.0,True,0.0,52.82495322297529,2025-09
SHP-0131,2025-09-12,East,WH-B,Rail,Standard,11.54735337516288,825.2954537647863,8.80709246028341,686.6912029490246,8.0,False,0.8070924602834104,59.46741046532999,2025-09
SHP-0780,2025-09-12,West,WH-A,Road,Standard,11.119276026618046,343.9573454412926,7.433409080676841,642.7124311398211,8.0,True,0.0,57.80164370425325,2025-09
SHP-0226,2025-09-12,West,WH-C,Road,Standard,14.705537985281001,139.50117493575559,6.849635059560748,394.1705160543107,8.0,True,0.0,26.80422276620155,2025-09
SHP-0350,2025-09-13,East,WH-B,Rail,Standard,8.676766902622969,798.8334800482485,11.07994343279913,793.801668522418,8.0,False,3.07994343279913,91.48588148454851,2025-09
SHP-0712,2025-09-13,East,WH-A,Road,Express,21.87823347205401,749.370832888836,8.450546817607814,1437.3638101462707,4.5,False,3.9505468176078136,65.6983486341471,2025-09
SHP-0875,2025-09-14,North,WH-B,Road,Standard,16.63607682322997,546.0125673909463,8.90572702777637,1010.4785017171199,8.0,False,0.9057270277763703,60.74019208099154,2025-09
SHP-0495,2025-09-14,West,WH-B,Rail,Standard,10.359252202105365,857.9057548895003,8.49818305171624,486.33118847844446,8.0,False,0.49818305171623933,46.94655357262224,2025-09
SHP-0128,2025-09-14,South,WH-A,Road,Standard,7.452177504995059,154.29935360741982,7.939534554883743,480.9657893483822,8.0,True,0.0,64.54030235135967,2025-09
SHP-1158,2025-09-14,North,WH-C,Rail,Standard,33.83790047729589,581.7681954327629,9.837070982417007,1343.6542941290163,8.0,False,1.837070982417007,39.7085597858107,2025-09
SHP-0502,2025-09-15,South,WH-B,Rail,Express,5.964860676132373,437.8496887750704,7.493867175455053,646.3064286369977,4.5,False,2.993867175455053,108.35230925394623,2025-09
SHP-0019,2025-09-15,East,WH-B,Road,Standard,26.108007594200974,173.32970085131348,7.737069633158823,794.6938548305205,8.0,True,0.0,30.43870168809953,2025-09
SHP-0240,2025-09-16,West,WH-C,Road,Standard,17.112237622921672,469.19088056710666,8.537905343009857,777.4571124621502,8.0,False,0.5379053430098573,45.432814199631856,2025-09
SHP-0771,2025-09-16,West,WH-D,Road,Standard,64.36769303442885,418.258401708318,10.543249928286835,2192.2978903816065,8.0,False,2.5432499282868353,34.05897876764039,2025-09
SHP-0747,2025-09-16,East,WH-C,Air,Standard,10.676806876076187,381.14933589384214,6.963882151861397,891.3692733883149,8.0,True,0.0,83.48650338385632,2025-09
SHP-1001,2025-09-16,South,WH-B,Road,Standard,21.90735435280594,532.8906970965627,6.768787518919163,1078.0277162191958,8.0,True,0.0,49.208484915985295,2025-09
SHP-0180,2025-09-16,North,WH-D,Road,Standard,20.30303377347005,455.6702589056934,8.486056836158255,922.4373715386595,8.0,False,0.4860568361582551,45.43347471273023,2025-09
SHP-0680,2025-09-16,West,WH-A,Road,Express,16.435966912868093,1175.0302717941904,4.815348041660146,1747.1243293145,4.5,False,0.31534804166014574,106.29884682638517,2025-09
SHP-0067,2025-09-17,West,WH-C,Rail,Standard,9.793922545417715,584.4542263269292,8.489043710571735,385.5380967317632,8.0,False,0.48904371057173535,39.365034279564014,2025-09
SHP-0760,2025-09-17,West,WH-A,Road,Standard,15.952645554227743,159.23811409654255,7.499140914179454,352.359225373653,8.0,True,0.0,22.08782387697891,2025-09
SHP-1107,2025-09-18,South,WH-A,Air,Express,7.206322623829547,612.2919149595903,2.9206100219718696,1086.2166955989362,4.5,True,0.0,150.73106663405315,2025-09
SHP-1005,2025-09-18,West,WH-A,Rail,Standard,7.242959647412757,587.5189958013607,8.653179117574448,368.4640205579139,8.0,False,0.6531791175744477,50.8720244892614,2025-09
SHP-0107,2025-09-18,North,WH-A,Road,Standard,7.109234980936068,302.5756568022293,6.145798823128548,438.74162874479424,8.0,True,0.0,61.714323681987146,2025-09
SHP-0419,2025-09-19,North,WH-D,Road,Standard,6.45917515691084,555.2419592696714,9.624079523684648,664.1411155278,8.0,False,1.6240795236846477,102.82135093011344,2025-09
SHP-0816,2025-09-19,West,WH-B,Road,Standard,19.073026420484986,342.52351076841217,7.060906129808029,689.3331201898548,8.0,True,0.0,36.14177975706524,2025-09
SHP-0258,2025-09-20,North,WH-B,Road,Express,17.741236381705313,146.60877423689325,3.462312142940873,678.951643915632,4.5,True,0.0,38.269691542792586,2025-09
SHP-0315,2025-09-21,East,WH-D,Rail,Standard,22.5599724519009,722.1387202828356,11.38936505515709,1212.1285098908693,8.0,False,3.3893650551570893,53.72916622461281,2025-09
SHP-0412,2025-09-21,South,WH-B,Air,Standard,5.070466537120403,251.34544716595596,5.319434916975875,410.71506519930676,8.0,True,0.0,81.00143491580131,2025-09
SHP-0386,2025-09-21,East,WH-A,Air,Standard,8.939471513789421,210.4569344016829,4.718572197185691,606.9482211581893,8.0,True,0.0,67.89531352294733,2025-09
SHP-0528,2025-09-21,West,WH-C,Road,Standard,20.861260555168958,665.9611439234083,6.829606225821956,1218.9314356122431,8.0,True,0.0,58.43038259307005,2025-09
SHP-0930,2025-09-21,South,WH-A,Road,Standard,32.34594479623875,234.9914743822836,7.136785767220272,759.1939702652546,8.0,True,0.0,23.471071104824716,2025-09
SHP-0058,2025-09-21,West,WH-A,Road,Standard,22.91513935777513,731.5147032056007,7.802316586808501,1320.7459424619865,8.0,True,0.0,57.636391463351764,2025-09
SHP-0053,2025-09-22,West,WH-C,Road,Standard,18.72313598090244,431.32903571869895,6.942694163864944,788.0923402085888,8.0,True,0.0,42.09189854800186,2025-09
SHP-0572,2025-09-22,North,WH-C,Road,Standard,6.494907451748922,678.4218691647711,8.227890173530318,705.2876326409321,8.0,False,0.2278901735303176,108.59086721105088,2025-09
SHP-1017,2025-09-22,West,WH-B,Road,Express,29.4735910747445,508.2792131159542,6.479577407046479,1538.9778529967932,4.5,False,1.979577407046479,52.21548501144543,2025-09
SHP-1036,2025-09-24,East,WH-B,Rail,Standard,10.366181373364569,945.0357707031525,10.135920312891672,844.3122768965981,8.0,False,2.135920312891672,81.44872701784092,2025-09
SHP-1157,2025-09-24,West,WH-B,Air,Standard,18.407207654651177,366.84920451683536,5.345781439958232,1377.341929657887,8.0,True,0.0,74.82622869796641,2025-09
SHP-0254,2025-09-24,South,WH-B,Road,Express,9.813262901190585,487.0943817238037,6.07743609569165,856.1144404830542,4.5,False,1.5774360956916498,87.24054874543174,2025-09
SHP-0729,2025-09-24,East,WH-A,Road,Standard,11.469007366123904,861.0788793248964,11.88824923578348,1108.8154655429867,8.0,False,3.88824923578348,96.67928794065504,2025-09
SHP-0511,2025-09-25,West,WH-B,Road,Express,8.92960136840928,105.53153170694958,4.840295848239235,773.8014829878092,4.5,False,0.34029584823923464,86.65577006889998,2025-09
SHP-0553,2025-09-25,North,WH-B,Road,Standard,22.79783232732791,353.5622191643588,7.290583154756002,722.0174735950604,8.0,True,0.0,31.670444068034197,2025-09
SHP-0773,2025-09-25,East,WH-B,Road,Standard,10.116154898479952,566.6168850376015,9.21755311718255,936.3170141448514,8.0,False,1.2175531171825504,92.55661103860143,2025-09
SHP-0114,2025-09-25,West,WH-D,Rail,Standard,6.513969477784728,302.2884881213771,8.016055042163766,351.1313066401693,8.0,False,0.01605504216376552,53.90435245938274,2025-09
SHP-0199,2025-09-25,North,WH-D,Road,Express,13.132106829106105,360.0907223591623,4.403964298389049,725.5572785631267,4.5,True,0.0,55.25063784548233,2025-09
SHP-0427,2025-09-26,South,WH-B,Road,Express,22.12216878070122,946.7514078875433,5.944015244100164,1798.916173070198,4.5,False,1.4440152441001644,81.31735142711341,2025-09
SHP-0074,2025-09-27,South,WH-C,Air,Standard,19.494321019763884,1250.5147433999728,7.845206042814915,3870.8497000949887,8.0,True,0.0,198.56294026196727,2025-09
SHP-1039,2025-09-27,South,WH-D,Road,Standard,10.398713430284555,547.9059552484265,6.058091447534278,650.4721863183383,8.0,True,0.0,62.553140893751745,2025-09
SHP-0034,2025-09-28,South,WH-B,Rail,Standard,9.319822400186998,566.302981124899,9.966906465701129,541.022313026184,8.0,False,1.966906465701129,58.05071060316863,2025-09
SHP-0409,2025-09-28,West,WH-D,Road,Standard,8.77706654356308,477.85376323077514,8.517673996619536,473.90202853611754,8.0,False,0.5176739966195356,53.99321358497248,2025-09
SHP-0077,2025-09-28,South,WH-B,Road,Standard,14.046994204828716,414.6503450754582,7.909067576920079,525.986174100783,8.0,True,0.0,37.444749135012316,2025-09
SHP-0003,2025-09-28,North,WH-A,Road,Standard,6.7773478964228975,958.8232045775421,6.678940945207491,837.8995316089732,8.0,True,0.0,123.63236245423064,2025-09
SHP-0685,2025-09-29,South,WH-D,Road,Express,8.751342123687213,269.93172898693024,3.602711281171446,687.6890067530189,4.5,True,0.0,78.58097615583496,2025-09
SHP-0456,2025-09-29,North,WH-A,Road,Standard,8.142162158297385,670.2205669053975,7.0262444769417245,597.7396714782308,8.0,True,0.0,73.41289203741732,2025-09
SHP-0812,2025-09-30,South,WH-D,Road,Standard,8.164269337981478,450.5569464690699,6.948500920884358,613.6207629226742,8.0,True,0.0,75.15929932247738,2025-09
SHP-1016,2025-09-30,North,WH-A,Air,Standard,13.71669432443522,317.3475951997384,4.738559655597871,1037.5525856534389,8.0,True,0.0,75.64159126919668,2025-09
SHP-0910,2025-09-30,North,WH-C,Air,Express,7.689422383776043,221.95021456748594,3.0646738119982486,727.0967935972569,4.5,True,0.0,94.55805095729461,2025-09
SHP-0561,2025-09-30,North,WH-B,Road,Standard,13.358260916948053,40.0,7.47101929823292,334.5887384266408,8.0,True,0.0,25.04732768036724,2025-09
SHP-0368,2025-09-30,South,WH-D,Road,Standard,11.575379189206688,310.62497896603645,6.703450151988705,739.6948917920547,8.0,True,0.0,63.90243288805378,2025-09
SHP-0901,2025-10-01,West,WH-D,Road,Standard,9.518381545202118,479.4626060168749,8.162007899065967,778.8979151715581,8.0,False,0.16200789906596746,81.83091962353339,2025-10
SHP-0048,2025-10-01,North,WH-B,Road,Express,6.08678617533334,218.35866751441452,5.297952346306709,692.219793591964,4.5,False,0.7979523463067091,113.72500588195132,2025-10
SHP-0985,2025-10-02,East,WH-B,Road,Standard,15.45610185854518,592.3902600495996,8.571055085979765,1237.406681398941,8.0,False,0.571055085979765,80.05942848486202,2025-10
SHP-0630,2025-10-02,West,WH-A,Road,Standard,7.1128999398802994,200.1589130058908,7.777347404790891,441.70692971042524,8.0,True,0.0,62.099415631292935,2025-10
SHP-0435,2025-10-02,South,WH-A,Road,Standard,14.514131073574926,156.5089690916535,7.787658401459624,438.14291218615193,8.0,True,0.0,30.18733329367918,2025-10
SHP-0319,2025-10-04,West,WH-B,Road,Standard,18.266581478620324,384.2070330235282,8.133000979889982,713.5578411421247,8.0,False,0.1330009798899816,39.063567640025646,2025-10
SHP-0301,2025-10-04,West,WH-C,Rail,Standard,9.543724623687467,1458.2006886134034,10.414946164439865,742.7532170492713,8.0,False,2.414946164439865,77.82634624701579,2025-10
SHP-0023,2025-10-04,East,WH-D,Rail,Standard,9.937909109463488,340.27150959638345,9.32501049218637,599.3007382537173,8.0,False,1.3250104921863706,60.30450989766311,2025-10
SHP-0842,2025-10-04,West,WH-B,Rail,Standard,11.669545772738589,456.2763482920031,10.281753481140255,421.42964916484834,8.0,False,2.281753481140255,36.11362921677353,2025-10
SHP-0945,2025-10-04,East,WH-C,Road,Standard,4.522119511119193,639.425531196847,9.498104678084477,441.2177781518733,8.0,False,1.4981046780844771,97.56880088352086,2025-10
SHP-0538,2025-10-04,South,WH-A,Road,Standard,18.648629499979204,558.1913155112126,8.379418360280997,929.0317552154631,8.0,False,0.3794183602809973,49.81769599833056,2025-10
SHP-0460,2025-10-05,East,WH-D,Road,Standard,13.969632572449882,567.7071792268068,7.825303563985266,780.3699083982799,8.0,True,0.0,55.86187785191153,2025-10
SHP-0556,2025-10-06,West,WH-D,Rail,Standard,11.847995527365278,173.155455596783,8.233053240156572,98.17655139207935,8.0,False,0.23305324015657192,8.286342712176188,2025-10
SHP-0442,2025-10-06,East,WH-B,Rail,Standard,12.73794526866528,186.66760707514882,10.028846985660282,493.50175139125724,8.0,False,2.028846985660282,38.742649696042214,2025-10
SHP-0499,2025-10-07,North,WH-D,Rail,Standard,19.77573828464853,838.4366000507677,10.617743748161661,963.6249812607874,8.0,False,2.6177437481616614,48.72763622730729,2025-10
SHP-0228,2025-10-07,North,WH-D,Rail,Standard,9.327520584907274,259.79419078569055,7.505309686454725,331.3459105568127,8.0,True,0.0,35.52347138133994,2025-10
SHP-0087,2025-10-07,North,WH-C,Road,Express,7.22750187331687,989.1169573136167,6.490541268333192,1051.7668227616684,4.5,False,1.9905412683331916,145.5228709998228,2025-10
SHP-0361,2025-10-07,West,WH-A,Road,Standard,15.165757481077838,89.66651619002434,6.167000106663163,434.36153953556476,8.0,True,0.0,28.64093930537352,2025-10
SHP-0339,2025-10-07,West,WH-A,Road,Standard,12.02451569662075,777.388849494849,8.485454957346294,847.0092619060041,8.0,False,0.4854549573462936,70.4401976159455,2025-10
SHP-0354,2025-10-08,East,WH-A,Road,Standard,18.33444784014301,1001.1435816553767,10.751459207246409,1452.5078004983698,8.0,False,2.751459207246409,79.22288214854908,2025-10
SHP-0832,2025-10-08,West,WH-A,Air,Standard,16.098154630546826,265.457917533239,4.586320862571331,1058.1979226828978,8.0,True,0.0,65.73411344148286,2025-10
SHP-0937,2025-10-09,East,WH-C,Rail,Standard,8.717408496060466,659.2799351162707,9.154309184760042,605.9862466182082,8.0,False,1.1543091847600415,69.5144946909466,2025-10
SHP-0731,2025-10-09,East,WH-B,Road,Express,22.69709609456521,791.8753662325607,6.909849394374923,1856.4209167567635,4.5,False,2.4098493943749233,81.79112028350099,2025-10
SHP-1118,2025-10-09,South,WH-C,Road,Standard,9.55247495865437,152.9283163900778,5.529390252353602,205.65965565620172,8.0,True,0.0,21.529462945085008,2025-10
SHP-0860,2025-10-09,East,WH-A,Road,Standard,14.205961046978912,61.44063317280905,8.59056230913426,688.6967289192773,8.0,False,0.5905623091342598,48.47941836823056,2025-10
SHP-1120,2025-10-10,West,WH-C,Road,Standard,10.422909469656588,730.5362902435339,9.870788162103377,677.1548285315956,8.0,False,1.870788162103377,64.96792766961511,2025-10
SHP-0736,2025-10-10,North,WH-D,Road,Express,33.18650433915413,153.83995208852565,7.618328033905176,925.6626798503504,4.5,False,3.1183280339051764,27.892744303238775,2025-10
SHP-0611,2025-10-10,South,WH-A,Road,Standard,19.278846846878235,260.684431131664,6.954147977584606,641.4559882990576,8.0,True,0.0,33.272528870310865,2025-10
SHP-0133,2025-10-10,West,WH-A,Road,Standard,22.462190332320365,829.7015255939812,11.175746942919154,1766.3944093265259,8.0,False,3.1757469429191545,78.63856477010164,2025-10
SHP-0176,2025-10-10,West,WH-B,Road,Standard,16.182440256651088,1079.1502302352505,8.658539431204774,1323.9228052860192,8.0,False,0.6585394312047743,81.812309162821,2025-10
SHP-0316,2025-10-10,West,WH-D,Road,Standard,19.84964375039767,288.3005802255903,8.566320095216023,552.0695642242188,8.0,False,0.5663200952160228,27.812567881131795,2025-10
SHP-0164,2025-10-11,West,WH-B,Road,Standard,4.0,637.0651259238176,6.1318749130661505,327.17941246376034,8.0,True,0.0,81.79485311594009,2025-10
SHP-0573,2025-10-11,North,WH-B,Road,Standard,7.260281076684649,429.7049015263976,8.72622470356278,468.0570258719871,8.0,False,0.7262247035627798,64.46816878413772,2025-10
SHP-0322,2025-10-11,North,WH-D,Road,Express,19.69660733615359,553.8911801433254,7.180357035117426,1413.98609544385,4.5,False,2.680357035117426,71.78830705775633,2025-10
SHP-0158,2025-10-11,North,WH-A,Rail,Express,4.216645755461892,861.8952779177391,6.69561165227822,770.5243206415473,4.5,False,2.1956116522782203,182.73394667870173,2025-10
SHP-0808,2025-10-12,West,WH-D,Road,Standard,8.343971634332652,246.25696447804856,6.194382910447563,361.61800036486346,8.0,True,0.0,43.33883385664045,2025-10
SHP-0518,2025-10-12,South,WH-C,Road,Standard,12.248760147299242,1002.6034550871838,9.523040082121573,1099.8774625781166,8.0,False,1.5230400821215735,89.79500368620012,2025-10
SHP-0468,2025-10-12,West,WH-A,Road,Standard,15.14823039605634,818.4177033252003,7.805818601105451,982.091280379422,8.0,True,0.0,64.8320797018705,2025-10
SHP-1197,2025-10-12,North,WH-C,Road,Standard,11.624769941767068,284.2905438700143,6.291125509393996,488.87762072893304,8.0,True,0.0,42.05482114294808,2025-10
SHP-0717,2025-10-13,East,WH-A,Road,Express,15.187035384402856,471.26277505039,7.6353012238467795,1104.8829192780852,4.5,False,3.1353012238467795,72.75171824599843,2025-10
SHP-0795,2025-10-13,West,WH-B,Road,Standard,20.098703238306452,1500.0,8.62609026696887,2038.4550203377041,8.0,False,0.6260902669688697,101.42221595931517,2025-10
SHP-1041,2025-10-13,East,WH-D,Rail,Standard,16.231833264693332,732.3036827874321,11.874087621488636,1010.0063318042962,8.0,False,3.874087621488636,62.22379908258491,2025-10
SHP-0320,2025-10-13,North,WH-D,Road,Standard,12.944353640318491,778.2890589544447,8.927445886828899,975.4661038225679,8.0,False,0.9274458868288988,75.35842506529102,2025-10
SHP-0169,2025-10-13,North,WH-D,Road,Standard,7.861432153198218,546.5571415906812,6.688159391757779,481.0723749372788,8.0,True,0.0,61.19398673962569,2025-10
SHP-0560,2025-10-13,East,WH-C,Road,Standard,11.237699758156358,735.8797376830131,9.611798875241496,968.9581538767064,8.0,False,1.6117988752414956,86.22388698126888,2025-10
SHP-1151,2025-10-14,West,WH-B,Road,Standard,16.12414725818478,928.8002706899209,7.393522051537398,1135.2993956357052,8.0,True,0.0,70.40988757153751,2025-10
SHP-0363,2025-10-15,North,WH-D,Road,Standard,26.475709907351725,424.929824759836,9.083778416887442,1061.8514187234816,8.0,False,1.0837784168874425,40.10662688325606,2025-10
SHP-0761,2025-10-15,North,WH-B,Rail,Standard,15.614756041342092,309.9724402398487,8.275964948331817,357.1344866608702,8.0,False,0.27596494833181673,22.87160207404524,2025-10
SHP-0392,2025-10-15,North,WH-C,Rail,Standard,17.150659266702537,666.5054506141896,9.297274960162309,769.2032858324349,8.0,False,1.2972749601623086,44.84977946741783,2025-10
SHP-1059,2025-10-15,South,WH-C,Road,Standard,18.186566128506325,658.8714825526425,8.491350345008767,1160.865092813013,8.0,False,0.49135034500876706,63.830911487651775,2025-10
SHP-0300,2025-10-16,East,WH-C,Road,Standard,10.23909375823466,200.45368130591285,9.497033222323623,512.6477341171212,8.0,False,1.4970332223236227,50.067686283742724,2025-10
SHP-1086,2025-10-16,North,WH-A,Road,Express,21.625087170052236,200.37594001450321,6.381957055743759,847.1288247799555,4.5,False,1.8819570557437588,39.17342936555244,2025-10
SHP-1081,2025-10-16,East,WH-D,Road,Standard,11.725539662358793,598.1161441282973,10.002489908187389,1066.328965959055,8.0,False,2.002489908187389,90.94071545228518,2025-10
SHP-0106,2025-10-16,North,WH-D,Rail,Standard,18.365466975473183,231.12794715457906,7.850277721539266,424.4558334635972,8.0,True,0.0,23.111627601435448,2025-10
SHP-0943,2025-10-16,South,WH-A,Rail,Standard,14.611299022164463,93.42987908987406,6.859474236755959,316.1552192369503,8.0,True,0.0,21.63772151657165,2025-10
SHP-0479,2025-10-16,North,WH-D,Rail,Standard,29.783815918071905,423.1532223213662,9.646820469860453,788.5724130173138,8.0,False,1.6468204698604527,26.476540655048577,2025-10
SHP-0723,2025-10-16,West,WH-B,Road,Standard,6.259664625391002,613.9379849293439,5.142974412485499,593.8383761588311,8.0,True,0.0,94.86744285788917,2025-10
SHP-0449,2025-10-17,North,WH-A,Road,Standard,7.278523652529453,320.9779997508495,8.689220697303806,444.0549948490386,8.0,False,0.6892206973038064,61.00893753291842,2025-10
SHP-0489,2025-10-17,East,WH-C,Road,Standard,13.404063587519001,213.0000424872667,7.523685241365604,479.3824612378821,8.0,True,0.0,35.76396501761243,2025-10
SHP-1175,2025-10-18,East,WH-B,Road,Standard,8.19896834762336,576.307406495759,10.038465930515365,611.633331005557,8.0,False,2.0384659305153647,74.59881598187307,2025-10
SHP-1042,2025-10-18,West,WH-A,Air,Standard,6.349490268480546,522.9844936192858,4.611964199791911,761.3186480621638,8.0,True,0.0,119.90232536325313,2025-10
SHP-1117,2025-10-19,East,WH-A,Air,Standard,12.787493706703234,804.1691340674095,8.145923862469022,1947.9540737414018,8.0,False,0.14592386246902223,152.33274935809195,2025-10
SHP-0874,2025-10-19,South,WH-D,Air,Standard,14.436955696006255,448.26192827964616,5.933422318236185,1118.4684115392074,8.0,True,0.0,77.47259429829886,2025-10
SHP-0627,2025-10-19,West,WH-B,Road,Standard,7.415154165632155,446.48914085287197,6.888161042963928,595.7698913588962,8.0,True,0.0,80.34490963386541,2025-10
SHP-1146,2025-10-20,North,WH-A,Road,Standard,16.484931165330984,965.1915527881773,8.479979966073667,1405.463111089006,8.0,False,0.47997996607366744,85.25744493521438,2025-10
SHP-0997,2025-10-20,North,WH-A,Road,Standard,10.04407682405966,1134.7954169707355,7.756161327936219,1096.9810915887233,8.0,True,0.0,109.21671655885848,2025-10
SHP-0119,2025-10-20,North,WH-D,Road,Express,19.983473324279306,505.5353070559451,6.371964410584964,1232.7567641156693,4.5,False,1.8719644105849644,61.68881375681112,2025-10
SHP-0791,2025-10-21,West,WH-C,Road,Standard,21.85940647426643,459.16948590807607,6.838624218544679,938.5317880551304,8.0,True,0.0,42.93491633270094,2025-10
SHP-0902,2025-10-21,West,WH-D,Road,Standard,20.95130228088053,335.77816661558927,7.754989578107092,778.9699926591281,8.0,True,0.0,37.18002738999144,2025-10
SHP-0021,2025-10-21,West,WH-B,Road,Standard,20.39299745494153,544.5114628909128,8.358036453549177,887.067196364369,8.0,False,0.3580364535491771,43.49861751929064,2025-10
SHP-1181,2025-10-21,West,WH-A,Road,Standard,8.327562292715019,328.8493856248194,6.838529627847874,417.9094673011719,8.0,True,0.0,50.183889668019724,2025-10
SHP-0227,2025-10-21,North,WH-A,Road,Standard,11.277216837802714,1122.6882265537465,8.997627204781343,919.0234913464818,8.0,False,0.9976272047813435,81.49382108764587,2025-10
SHP-1097,2025-10-21,North,WH-A,Rail,Standard,7.500573736241774,72.54948070794131,9.362154295625485,580.780473209458,8.0,False,1.3621542956254853,77.4314730622811,2025-10
SHP-0200,2025-10-22,South,WH-D,Road,Express,18.04509542147608,477.77904996589984,4.690864979983698,950.3334198011995,4.5,False,0.1908649799836981,52.66436101358464,2025-10
SHP-1056,2025-10-22,West,WH-B,Road,Standard,11.846510424693097,150.1689110244113,5.455709113596467,476.66079269005246,8.0,True,0.0,40.236388236023615,2025-10
SHP-1030,2025-10-23,West,WH-B,Road,Express,13.068837221795361,204.0363542907136,5.169289182359088,709.3151855218327,4.5,False,0.6692891823590879,54.275309538547376,2025-10
SHP-1054,2025-10-23,North,WH-A,Rail,Express,4.0,154.27841743371275,6.460468038358222,452.6765081859528,4.5,False,1.960468038358222,113.1691270464882,2025-10
SHP-1154,2025-10-23,North,WH-D,Road,Standard,10.399743488051993,435.49942912394795,9.251460202964513,733.22380205018,8.0,False,1.2514602029645125,70.50402761304282,2025-10
SHP-0081,2025-10-23,West,WH-D,Rail,Standard,19.266202643560767,379.99896440380223,9.735735816098241,711.5587647827776,8.0,False,1.7357358160982415,36.93300532269642,2025-10
SHP-1155,2025-10-24,West,WH-B,Road,Express,20.99465828921876,670.445973332321,7.449644037316778,1244.056766423778,4.5,False,2.9496440373167783,59.25587114997865,2025-10
SHP-0256,2025-10-25,North,WH-D,Road,Standard,12.537089459610472,258.3578803476185,5.714835060945189,575.8566587052206,8.0,True,0.0,45.932244526163934,2025-10
SHP-0370,2025-10-26,West,WH-D,Road,Express,12.708176036807581,441.8298565638822,5.187365765376669,653.2713752290167,4.5,False,0.6873657653766694,51.405596943015354,2025-10
SHP-1119,2025-10-26,East,WH-A,Rail,Standard,10.599054762710812,582.0223605218489,10.3362950912831,671.0769116427043,8.0,False,2.3362950912831,63.31478859828721,2025-10
SHP-0914,2025-10-27,North,WH-B,Road,Standard,10.837427581893378,896.4460490552733,9.070273074653967,865.2360191678819,8.0,False,1.0702730746539668,79.83776709276232,2025-10
SHP-0980,2025-10-27,South,WH-B,Rail,Standard,10.59274375588409,470.2752638996227,8.67439420125764,386.59507261755437,8.0,False,0.6743942012576394,36.49621679961883,2025-10
SHP-0858,2025-10-28,North,WH-C,Road,Standard,25.2429864576647,1044.741675087301,9.523313813468413,1934.379807422198,8.0,False,1.5233138134684125,76.63038645076202,2025-10
SHP-0094,2025-10-28,East,WH-B,Road,Standard,12.409162528645068,295.7313907443095,7.698981365109604,497.2445563358992,8.0,True,0.0,40.070758617922,2025-10
SHP-0625,2025-10-28,West,WH-C,Road,Standard,15.3934359750129,542.0499088047958,9.141974532625897,1028.2244629269621,8.0,False,1.1419745326258965,66.79629321199035,2025-10
SHP-1133,2025-10-29,South,WH-D,Road,Standard,8.985506165384688,397.117970609463,6.241212500456515,536.4612582825958,8.0,True,0.0,59.70295366879077,2025-10
SHP-0341,2025-10-29,West,WH-A,Rail,Standard,11.792169114570173,349.2396922784924,9.730334101785765,595.967899073179,8.0,False,1.7303341017857647,50.53929377054241,2025-10
SHP-1159,2025-10-29,North,WH-C,Road,Standard,22.674327516265528,807.7044759071094,7.015302668903589,1399.8984717551198,8.0,True,0.0,61.739360108955665,2025-10
SHP-0521,2025-10-29,West,WH-B,Rail,Standard,5.699506600825991,293.3812092558225,8.957081906192858,483.7798526226303,8.0,False,0.9570819061928582,84.88100576153721,2025-10
SHP-0714,2025-10-30,West,WH-D,Road,Standard,11.788945754733566,673.6920520528093,9.920947429016607,924.6904704862357,8.0,False,1.920947429016607,78.43707908444217,2025-10
SHP-1099,2025-10-30,South,WH-B,Road,Standard,11.647062195373481,485.3789159803375,7.382174008906898,651.6818388379344,8.0,True,0.0,55.95246491401063,2025-10
SHP-0781,2025-10-30,South,WH-A,Air,Standard,15.16981813588185,388.33283466785014,7.529386902299141,1228.1898371278435,8.0,True,0.0,80.9627265222614,2025-10
SHP-1131,2025-10-30,North,WH-D,Road,Standard,24.340226730180216,271.1807413063145,7.866958336207508,862.5549985204474,8.0,True,0.0,35.437426614064286,2025-10
SHP-0882,2025-10-30,North,WH-A,Rail,Standard,9.738829970923733,447.36708955831716,9.06174145566288,546.3901474030531,8.0,False,1.0617414556628795,56.10429066267266,2025-10
SHP-0662,2025-10-30,South,WH-C,Air,Standard,17.041427819259074,196.60636062252303,6.93592562112352,776.0601758298542,8.0,True,0.0,45.53962168315517,2025-10
SHP-0302,2025-10-31,South,WH-A,Road,Express,15.062892976547717,1208.8232197102973,6.168089359455486,1547.0735377319068,4.5,False,1.668089359455486,102.70759675054681,2025-10
SHP-0076,2025-10-31,South,WH-B,Road,Standard,9.45893699213594,368.2460708863789,5.638953663898436,655.8296372869503,8.0,True,0.0,69.33439115116214,2025-10
SHP-0265,2025-10-31,West,WH-B,Air,Express,19.059292773065746,439.3325411635485,3.05097786680379,1775.0275515557,4.5,True,0.0,93.1318686737494,2025-10
SHP-0324,2025-10-31,West,WH-A,Road,Standard,24.81251558084754,761.787684007657,9.126637283314286,1396.5698447966622,8.0,False,1.1266372833142864,56.28489542892848,2025-10
SHP-0274,2025-10-31,East,WH-D,Rail,Express,9.789771889753046,583.2386649054273,7.155360285722866,904.9264593271223,4.5,False,2.6553602857228658,92.43590857048557,2025-10
SHP-1021,2025-11-01,West,WH-D,Road,Standard,11.66486349468067,784.8960319348772,6.103417157977328,816.973239992094,8.0,True,0.0,70.03710247999426,2025-11
SHP-0405,2025-11-01,West,WH-A,Road,Express,13.761564338790999,151.08680040642653,4.645538644064681,721.350480682546,4.5,False,0.14553864406468087,52.41776755344656,2025-11
SHP-0675,2025-11-01,North,WH-A,Road,Express,13.905422564762093,235.29656143622998,5.695859640385099,960.7168049451989,4.5,False,1.1958596403850992,69.08936427288182,2025-11
SHP-0378,2025-11-02,East,WH-D,Road,Express,6.669300388124336,329.75016922461765,5.134771844092786,788.7480047267106,4.5,False,0.6347718440927856,118.265478959561,2025-11
SHP-0792,2025-11-02,South,WH-B,Road,Standard,12.713729220461595,736.29211720345,7.814295616477596,863.9994407278347,8.0,True,0.0,67.95798665723554,2025-11
SHP-0772,2025-11-02,East,WH-A,Road,Standard,7.096981709170753,777.6419949160131,8.49894562685324,629.7098296676784,8.0,False,0.4989456268532404,88.72924511753558,2025-11
SHP-0043,2025-11-03,North,WH-C,Road,Express,8.224812800225457,800.4731770150148,6.368869960557357,1132.1620844042532,4.5,False,1.8688699605573573,137.6520185812884,2025-11
SHP-0187,2025-11-03,West,WH-B,Road,Standard,20.039182322399558,197.64889517793787,7.872703011151973,474.2507051830234,8.0,True,0.0,23.666170483059663,2025-11
SHP-0425,2025-11-04,North,WH-B,Road,Standard,8.804305566148978,305.8286254497427,9.348921051680058,509.848422317815,8.0,False,1.3489210516800583,57.90898765237016,2025-11
SHP-0798,2025-11-04,North,WH-C,Road,Express,9.52371000873176,408.94708911501016,3.5065801005745025,862.8390824032225,4.5,True,0.0,90.59905032934995,2025-11
SHP-0248,2025-11-04,North,WH-A,Road,Standard,5.784240733451636,268.60910470309636,7.36484979807105,422.5951438074764,8.0,True,0.0,73.05974340997055,2025-11
SHP-1069,2025-11-05,South,WH-A,Road,Express,19.382695915721346,536.1391517297399,4.673594550225584,1082.2161238697795,4.5,False,0.1735945502255838,55.83413827340662,2025-11
SHP-0018,2025-11-05,South,WH-A,Road,Standard,25.948122930722512,141.40665017355943,5.725584444757582,483.41517857882616,8.0,True,0.0,18.630063525961788,2025-11
SHP-1169,2025-11-05,North,WH-B,Road,Standard,7.637098044902859,162.63224575666797,7.230524469155352,359.65117032938025,8.0,True,0.0,47.09264804704427,2025-11
SHP-0294,2025-11-06,North,WH-D,Rail,Standard,7.047201132039574,203.92786597182078,9.58134752967439,368.7547664718041,8.0,False,1.5813475296743906,52.32641435410266,2025-11
SHP-0068,2025-11-06,South,WH-A,Air,Standard,23.12428011203687,350.7772587665569,5.346697244334889,1539.9301096105248,8.0,True,0.0,66.59364538699502,2025-11
SHP-0741,2025-11-07,North,WH-B,Road,Express,4.638471174578381,365.00397706860525,4.716167858976676,428.35499224360524,4.5,False,0.216167858976676,92.34831394258714,2025-11
SHP-0424,2025-11-07,South,WH-B,Road,Standard,16.243928040758817,484.06532591124653,6.926518196910912,793.2820930088988,8.0,True,0.0,48.83560743549326,2025-11
SHP-0956,2025-11-07,North,WH-B,Rail,Standard,23.69354076279,560.7701394543694,10.005986647542544,839.9893267114178,8.0,False,2.005986647542544,35.45224983977895,2025-11
SHP-0716,2025-11-08,North,WH-B,Road,Express,6.886518052849255,280.5690195593428,3.573734660868511,769.7087375264244,4.5,True,0.0,111.77037969253011,2025-11
SHP-0894,2025-11-08,South,WH-B,Road,Standard,4.0,953.9321684961621,7.872584553209059,554.5526027651143,8.0,True,0.0,138.63815069127858,2025-11
SHP-0653,2025-11-08,North,WH-D,Road,Standard,7.268247830951399,263.78750301185755,6.497698148338522,580.0127830274585,8.0,True,0.0,79.80090890097455,2025-11
SHP-1164,2025-11-09,North,WH-C,Rail,Standard,10.704809508993398,461.0896596502165,9.107826345317571,480.6979722910222,8.0,False,1.1078263453175712,44.90485999654407,2025-11
SHP-1172,2025-11-09,North,WH-C,Road,Standard,12.13824290233596,101.18535290735929,7.373531006415939,570.1900226618914,8.0,True,0.0,46.97467559758261,2025-11
SHP-0381,2025-11-09,West,WH-A,Road,Standard,4.476205538771529,404.6129690254621,7.981709999375924,357.949484570149,8.0,True,0.0,79.96716894916902,2025-11
SHP-0778,2025-11-09,East,WH-C,Road,Express,16.918144930724488,271.7431925380738,5.721376791364495,987.1748306912855,4.5,False,1.221376791364495,58.35006348116274,2025-11
SHP-0402,2025-11-10,West,WH-D,Road,Express,46.47942441863668,313.7042298501485,7.695781331129927,1517.1067779185744,4.5,False,3.1957813311299272,32.64039511879725,2025-11
SHP-0534,2025-11-10,South,WH-C,Road,Standard,13.305179446174655,53.91885318846345,6.284907025233163,353.40403319597635,8.0,True,0.0,26.561387963661236,2025-11
SHP-0025,2025-11-10,South,WH-C,Road,Express,5.947837523852597,414.9816811247803,4.516469674811403,526.3267952094786,4.5,False,0.016469674811403046,88.49044599802058,2025-11
SHP-0940,2025-11-11,West,WH-A,Air,Standard,13.903464463826628,170.66658197756556,3.602580316010732,577.732061860029,8.0,True,0.0,41.55310090971533,2025-11
SHP-0735,2025-11-11,North,WH-B,Road,Standard,7.7300330834254245,279.88968860988325,8.999293364760359,573.8141492201553,8.0,False,0.9992933647603586,74.23178439566004,2025-11
SHP-0191,2025-11-11,North,WH-A,Rail,Standard,18.18375431968043,850.5738204498163,10.73439502687952,1074.4489770879609,8.0,False,2.73439502687952,59.08840155880658,2025-11
SHP-0380,2025-11-12,South,WH-A,Road,Standard,18.008724440073777,412.63525742873895,6.799234671926251,804.7255516440937,8.0,True,0.0,44.68531651544316,2025-11
SHP-1141,2025-11-12,North,WH-A,Road,Standard,23.776861452930685,676.2626810094193,9.514939017827082,1268.2269974007445,8.0,False,1.514939017827082,53.33870493846973,2025-11
SHP-0050,2025-11-12,North,WH-C,Road,Standard,16.073137522603357,555.9592333885023,6.992448173999763,853.00173092906,8.0,True,0.0,53.070020071034634,2025-11
SHP-1040,2025-11-12,East,WH-B,Air,Standard,40.26421773567111,1236.4800066292642,9.194114852471582,7564.18122298954,8.0,False,1.1941148524715821,187.8636081457566,2025-11
SHP-0695,2025-11-12,South,WH-D,Air,Standard,19.310254007163245,819.8703834278377,5.497714141822386,2593.528254431332,8.0,True,0.0,134.30834485497954,2025-11
SHP-0846,2025-11-13,West,WH-C,Air,Standard,14.929511576934658,787.2921355536885,5.630307156151298,1963.5412245182745,8.0,True,0.0,131.52079452832513,2025-11
SHP-0661,2025-11-13,South,WH-B,Road,Standard,11.89598423745163,218.17993686664573,6.590807008294569,416.37965479486854,8.0,True,0.0,35.00169859707765,2025-11
SHP-0323,2025-11-13,South,WH-D,Road,Standard,12.637542424475651,937.2995498835332,11.22042203678493,1135.00618880809,8.0,False,3.22042203678493,89.81225547539026,2025-11
SHP-0647,2025-11-13,South,WH-D,Road,Express,22.551981766063683,1190.4159531537427,9.447566584308444,2301.868448530528,4.5,False,4.9475665843084435,102.06945324842313,2025-11
SHP-0441,2025-11-14,East,WH-A,Road,Standard,7.132622624027865,290.96459970457755,6.1411653164146465,604.0733439190094,8.0,True,0.0,84.69161706159115,2025-11
SHP-0952,2025-11-14,West,WH-C,Rail,Express,12.851367628371914,914.3418802214081,7.283861973011354,1001.8909527970527,4.5,False,2.783861973011354,77.95987024643058,2025-11
SHP-0197,2025-11-14,South,WH-B,Air,Standard,11.170331389184117,518.3195305287004,5.451854857028488,1074.1670228011758,8.0,True,0.0,96.16250273839307,2025-11
SHP-1023,2025-11-14,North,WH-A,Road,Standard,11.578901545692114,423.6514959968046,8.161984115567678,765.3470486063891,8.0,False,0.16198411556767844,66.09841577685178,2025-11
SHP-0184,2025-11-14,West,WH-C,Road,Standard,6.5457999864374194,607.4049104963743,9.627843388020867,698.7819319328264,8.0,False,1.6278433880208674,106.75271676199529,2025-11
SHP-0434,2025-11-15,North,WH-A,Rail,Standard,31.03874820879125,610.5619601677093,10.18063211761974,1142.8269930816386,8.0,False,2.1806321176197407,36.81936479506446,2025-11
SHP-0869,2025-11-15,East,WH-D,Road,Express,23.250090726108077,668.3576874360888,7.395390249843314,1606.2681034903458,4.5,False,2.895390249843314,69.08653056078742,2025-11
SHP-1013,2025-11-15,West,WH-A,Road,Standard,15.051018171271807,280.8025607280625,8.886001016489184,549.6885456629395,8.0,False,0.8860010164891836,36.52168507192035,2025-11
SHP-1166,2025-11-15,West,WH-C,Rail,Standard,11.767625099436641,845.2303009500479,8.44202444013872,427.9352251638494,8.0,False,0.4420244401387201,36.36547064915725,2025-11
SHP-1033,2025-11-16,South,WH-A,Road,Standard,13.787901831762465,639.6939879228864,8.231337205520237,877.7258833317616,8.0,False,0.23133720552023718,63.659133495554094,2025-11
SHP-0041,2025-11-16,North,WH-A,Road,Standard,20.515616243733728,483.52574121938113,8.756872525095915,799.2174622959376,8.0,False,0.7568725250959147,38.95654182652446,2025-11
SHP-1031,2025-11-16,West,WH-C,Rail,Standard,4.0,266.72848644977125,6.626394296248601,171.8705500051675,8.0,True,0.0,42.967637501291875,2025-11
SHP-0995,2025-11-16,West,WH-C,Road,Standard,15.271385600043173,363.0012156013632,7.239753767225926,698.829147986946,8.0,True,0.0,45.76069037147293,2025-11
SHP-0938,2025-11-16,South,WH-B,Road,Express,13.99827614715271,806.8431051311884,6.47536554930274,1219.0559557705546,4.5,False,1.9753655493027402,87.08614853397603,2025-11
SHP-1012,2025-11-17,West,WH-A,Road,Standard,12.658328416639392,479.34402582547824,6.285987956006429,613.8733656754999,8.0,True,0.0,48.49561059488411,2025-11
SHP-0620,2025-11-17,East,WH-B,Road,Express,5.444165291049277,1093.1703955303133,7.420489833626883,1062.5003037828128,4.5,False,2.920489833626883,195.16312363433636,2025-11
SHP-0385,2025-11-17,South,WH-B,Road,Standard,26.922672672410762,1500.0,11.148848918257197,2788.1792174978555,8.0,False,3.1488489182571975,103.56249735766635,2025-11
SHP-1090,2025-11-18,North,WH-A,Rail,Express,11.48806583109677,768.4434247472273,5.797667674683252,792.3946942474189,4.5,False,1.297667674683252,68.97546600947435,2025-11
SHP-0966,2025-11-18,West,WH-D,Rail,Standard,6.695867078442506,703.8042437786135,9.019566766540418,466.274359101686,8.0,False,1.019566766540418,69.63614325661672,2025-11
SHP-0391,2025-11-18,West,WH-D,Road,Standard,24.32497986002777,314.28364958034155,6.705334986782518,751.343608648507,8.0,True,0.0,30.887738159370844,2025-11
SHP-0512,2025-11-19,East,WH-A,Road,Express,11.249895225619934,367.480685881391,5.57046910077981,991.7410829565204,4.5,False,1.0704691007798104,88.15558394694914,2025-11
SHP-0358,2025-11-19,West,WH-D,Road,Standard,4.4694571628685855,298.13158042839973,5.9674023056891485,391.8563781530261,8.0,True,0.0,87.67426644302482,2025-11
SHP-0351,2025-11-19,North,WH-A,Road,Express,11.083852160063383,210.0778004724705,4.0218820181622545,643.2499359282124,4.5,True,0.0,58.03487150847508,2025-11
SHP-1144,2025-11-20,South,WH-C,Road,Standard,10.999287803373724,252.14344700968158,6.198240707241983,492.73007135281773,8.0,True,0.0,44.7965432090691,2025-11
SHP-0222,2025-11-20,West,WH-C,Road,Standard,7.542411386655895,371.2246610131723,7.864808660252742,367.1319994865589,8.0,True,0.0,48.67567952287677,2025-11
SHP-1110,2025-11-20,South,WH-A,Road,Standard,19.314178472090045,751.0367993606048,8.271317443651135,1201.1653855616817,8.0,False,0.2713174436511352,62.190860838188165,2025-11
SHP-0984,2025-11-20,West,WH-B,Road,Express,24.561817273402408,326.6950598678406,5.3250383068006535,993.8429114436473,4.5,False,0.8250383068006535,40.46292260792379,2025-11
SHP-0487,2025-11-21,North,WH-B,Road,Standard,17.68990835247984,718.6157285419229,8.06760126730131,1144.9361394093141,8.0,False,0.06760126730130978,64.72255913348542,2025-11
SHP-0496,2025-11-21,East,WH-B,Rail,Standard,16.264363976521842,369.3289181953962,10.238890930039167,688.8978630081631,8.0,False,2.238890930039167,42.356274367851725,2025-11
SHP-0229,2025-11-21,South,WH-C,Road,Express,28.762402914873977,163.20024811392838,3.6104081814824704,922.8615760032746,4.5,True,0.0,32.085691127219164,2025-11
SHP-0982,2025-11-22,North,WH-B,Road,Standard,9.141817352815284,701.5778968168254,6.549873708419589,753.1456975117752,8.0,True,0.0,82.38468003080798,2025-11
SHP-0848,2025-11-22,South,WH-A,Road,Standard,10.783663551751992,415.14635213153525,6.040375980732135,537.637334069725,8.0,True,0.0,49.85664950408959,2025-11
SHP-0408,2025-11-22,North,WH-A,Road,Standard,8.130629944911972,281.36163028706784,5.789406174098025,382.6786726658826,8.0,True,0.0,47.06630055219242,2025-11
SHP-0238,2025-11-22,East,WH-D,Road,Standard,14.639164690029322,240.44456969080514,8.65933432297811,695.4090828999058,8.0,False,0.6593343229781095,47.50333079957398,2025-11
SHP-0097,2025-11-23,North,WH-B,Road,Express,27.55680999664031,951.1286422186062,8.672294049307322,2223.681422883172,4.5,False,4.172294049307322,80.69444261343314,2025-11
SHP-0623,2025-11-23,North,WH-B,Road,Standard,13.10125596199822,188.8662734258268,7.20462752903395,466.84799445044933,8.0,True,0.0,35.63383509219258,2025-11
SHP-0154,2025-11-23,East,WH-B,Road,Standard,16.761590586701146,699.7283775716867,10.81892396137422,1178.4062861823988,8.0,False,2.818923961374219,70.30396549104123,2025-11
SHP-1147,2025-11-24,West,WH-B,Road,Express,11.547727434320665,714.620434137667,5.261208760662058,1003.6986385209085,4.5,False,0.7612087606620577,86.91741680166827,2025-11
SHP-1055,2025-11-24,East,WH-B,Road,Standard,11.303265832865952,303.3343954831192,8.49654268087625,697.1481116891797,8.0,False,0.4965426808762494,61.676697867453164,2025-11
SHP-0113,2025-11-24,North,WH-A,Rail,Express,20.467898948613385,889.5102259319478,7.677742727416026,1395.6618067209024,4.5,False,3.1777427274160264,68.18783941746267,2025-11
SHP-1035,2025-11-24,West,WH-A,Road,Standard,8.659836073637008,708.772132570113,7.909731009581261,821.2013769672105,8.0,True,0.0,94.82874386816397,2025-11
SHP-1015,2025-11-25,West,WH-C,Road,Standard,10.70091994424751,254.00032774982873,8.822424471613706,533.0125917450235,8.0,False,0.8224244716137061,49.80997844316693,2025-11
SHP-0046,2025-11-25,North,WH-C,Road,Standard,6.640556893000208,974.7613648895222,9.458943630517613,658.2541387926434,8.0,False,1.4589436305176129,99.12634578682808,2025-11
SHP-1125,2025-11-26,East,WH-D,Road,Standard,6.1013046478942545,268.60258667627426,6.980429553403356,478.3709293037854,8.0,True,0.0,78.40469488257494,2025-11
SHP-1094,2025-11-26,East,WH-D,Road,Standard,16.575702909432792,426.31962441206247,9.331242101064527,1106.1514301338473,8.0,False,1.331242101064527,66.733304534818,2025-11
SHP-0811,2025-11-26,North,WH-B,Road,Express,24.657897143782563,431.5086851540128,6.31828647798063,1231.38185424246,4.5,False,1.8182864779806298,49.93864022800299,2025-11
SHP-0515,2025-11-26,South,WH-B,Road,Standard,10.892226104092904,473.9182865502682,7.922605158244106,670.2158952619558,8.0,True,0.0,61.531581226551374,2025-11
SHP-0683,2025-11-26,South,WH-A,Rail,Express,16.671974755775675,176.9255771331049,7.077315253437847,828.9427384256647,4.5,False,2.577315253437847,49.72072898193982,2025-11
SHP-0951,2025-11-27,North,WH-A,Road,Standard,8.017711332349187,538.9243088533733,9.557347947260713,477.3908953904304,8.0,False,1.5573479472607126,59.54204081460177,2025-11
SHP-0598,2025-11-27,East,WH-D,Rail,Standard,15.535706304731187,209.28273284275332,9.544831481326698,412.99656843937,8.0,False,1.544831481326698,26.583700820451114,2025-11
SHP-0011,2025-11-27,North,WH-B,Road,Standard,9.309086973519369,286.299281861391,8.37243589911094,530.5954400154797,8.0,False,0.37243589911093977,56.99758112957926,2025-11
SHP-0170,2025-11-27,South,WH-B,Air,Standard,19.579593922397503,296.73596625391303,5.30802324813684,1101.2280135991691,8.0,True,0.0,56.24365949384944,2025-11
SHP-1111,2025-11-28,North,WH-A,Road,Express,13.030859592791234,317.14759358494,6.3660035171268,854.9903649430331,4.5,False,1.8660035171268001,65.61273712257785,2025-11
SHP-1000,2025-11-29,North,WH-D,Road,Standard,6.962496816078856,383.2548937936029,8.83490755695346,463.5160301413822,8.0,False,0.8349075569534605,66.57324841728624,2025-11
SHP-1025,2025-11-30,West,WH-A,Road,Standard,9.82300944277881,797.5853998624635,8.241644786083674,725.5592656206608,8.0,False,0.24164478608367368,73.86323609350099,2025-11
SHP-0970,2025-12-01,North,WH-B,Road,Standard,12.181376594689471,194.35621231833548,6.751424027890849,496.3572308655572,8.0,True,0.0,40.747219906323764,2025-12
SHP-0976,2025-12-01,West,WH-B,Road,Express,4.827441953609391,328.31778824104475,4.280541989985438,594.8622453613843,4.5,True,0.0,123.22514720588543,2025-12
SHP-0796,2025-12-01,North,WH-A,Air,Express,16.169701532935804,426.22183591932634,3.6693971939400907,1637.294306007933,4.5,True,0.0,101.25692813024129,2025-12
SHP-0801,2025-12-01,East,WH-D,Road,Express,8.168413319464404,90.87646096498788,2.895946511370427,490.6231257512952,4.5,True,0.0,60.0634549897464,2025-12
SHP-0500,2025-12-02,North,WH-D,Rail,Standard,21.829515239719445,363.76038222630496,9.653542016026933,749.4686814252944,8.0,False,1.6535420160269325,34.33281377048695,2025-12
SHP-0827,2025-12-02,North,WH-A,Road,Standard,9.001626681596623,658.1082045352041,7.637596145334261,639.2704915521016,8.0,True,0.0,71.01721879436062,2025-12
SHP-0526,2025-12-03,North,WH-A,Road,Standard,4.0,252.17548749517272,6.797190684282672,244.6353124304347,8.0,True,0.0,61.15882810760868,2025-12
SHP-0872,2025-12-03,North,WH-C,Road,Standard,12.742587189658199,285.8629239850367,8.551399345406683,626.1912201778981,8.0,False,0.5513993454066828,49.141607654535875,2025-12
SHP-0794,2025-12-04,West,WH-B,Road,Express,5.43395458136547,873.0928708979476,3.951377599728523,613.0798069066811,4.5,True,0.0,112.82387398104153,2025-12
SHP-0251,2025-12-04,West,WH-B,Road,Standard,17.59385931855456,719.4157391596033,8.846997385335575,913.183462420858,8.0,False,0.846997385335575,51.903533266166946,2025-12
SHP-0292,2025-12-04,South,WH-A,Road,Express,10.948452900193331,912.4122931977035,4.294112643692937,1217.0936872721593,4.5,True,0.0,111.16581478381,2025-12
SHP-0085,2025-12-04,South,WH-D,Air,Express,11.354606964694725,381.9318524060851,2.173412237773688,1349.5199222662204,4.5,True,0.0,118.85219157847821,2025-12
SHP-0577,2025-12-05,North,WH-A,Road,Standard,6.489109512819501,275.04846522530187,8.061827676961725,632.2559045614718,8.0,False,0.061827676961724976,97.43338486003734,2025-12
SHP-1046,2025-12-05,South,WH-D,Rail,Standard,30.86765948052461,195.26714494578098,8.808835923771479,664.623171056303,8.0,False,0.8088359237714791,21.531375628775322,2025-12
SHP-0617,2025-12-05,East,WH-B,Rail,Standard,6.69654739759885,391.000507646999,9.689684442634608,494.7100738529467,8.0,False,1.6896844426346078,73.87539346474762,2025-12
SHP-0504,2025-12-06,West,WH-B,Road,Standard,22.943836926846487,508.64467857771643,8.283779133786343,1012.1059435721169,8.0,False,0.2837791337863429,44.11232292136177,2025-12
SHP-0813,2025-12-06,North,WH-C,Road,Express,23.351441838725442,645.1271408451396,4.225858106253379,1438.1602658335726,4.5,True,0.0,61.587643099988966,2025-12
SHP-0056,2025-12-06,North,WH-C,Rail,Standard,12.326571816732303,209.72217936483514,9.180951690146804,563.9449393176303,8.0,False,1.180951690146804,45.75034711209175,2025-12
SHP-0285,2025-12-06,East,WH-A,Rail,Standard,6.045039464600574,401.0718570448544,7.6769774998001,646.2450861010558,8.0,True,0.0,106.90502351315195,2025-12
SHP-0168,2025-12-06,West,WH-A,Rail,Express,33.09640281189767,480.55202137788564,8.023213463110624,1252.0550545933752,4.5,False,3.5232134631106238,37.830547981585475,2025-12
SHP-0476,2025-12-07,East,WH-D,Air,Standard,11.836732221418954,1114.844843973302,7.213859141001498,2230.468195738314,8.0,True,0.0,188.4361455522504,2025-12
SHP-0730,2025-12-07,South,WH-D,Road,Standard,15.675997577430298,541.069177786218,8.924008737234256,880.2049906712757,8.0,False,0.9240087372342565,56.149854982024316,2025-12
SHP-0784,2025-12-07,West,WH-B,Road,Express,24.814225010729363,684.7131894903309,5.366171174585945,1690.9683001144324,4.5,False,0.8661711745859453,68.14511834978843,2025-12
SHP-0565,2025-12-08,East,WH-D,Road,Standard,13.949291933997936,673.7393432789765,8.042962122809355,846.1536708129929,8.0,False,0.04296212280935485,60.65925602651583,2025-12
SHP-0364,2025-12-08,South,WH-A,Road,Standard,7.917380399008898,452.18467122625833,7.439237252821352,359.7271036662032,8.0,True,0.0,45.43511686153593,2025-12
SHP-0621,2025-12-08,South,WH-D,Road,Express,14.302935575726856,288.8179975486423,4.271597845899151,870.0225053188503,4.5,True,0.0,60.82824750992678,2025-12
SHP-0734,2025-12-08,West,WH-A,Road,Standard,14.405280441158219,370.23298448689854,8.991026395286914,422.27874094971065,8.0,False,0.991026395286914,29.314163141398616,2025-12
SHP-0404,2025-12-08,West,WH-A,Rail,Standard,21.581731718368903,437.13815015703943,7.3212333792062125,768.433497797273,8.0,True,0.0,35.60573858599283,2025-12
SHP-0394,2025-12-08,North,WH-A,Road,Standard,9.571530983730463,59.43213584065471,6.407552986860283,446.4216946745678,8.0,True,0.0,46.64057353347007,2025-12
SHP-0211,2025-12-09,West,WH-A,Road,Standard,19.013126003028,444.55909100258475,7.007263469142853,916.6164336057852,8.0,True,0.0,48.20966491569069,2025-12
SHP-0099,2025-12-10,North,WH-A,Road,Standard,20.6983377073307,718.715158144092,10.12446426787252,1283.3643608725959,8.0,False,2.1244642678725203,62.003257412215696,2025-12
SHP-1194,2025-12-10,West,WH-A,Road,Express,30.34101222966304,329.0387334967394,4.9392907831777855,1103.4884110206478,4.5,False,0.43929078317778547,36.36953186228299,2025-12
SHP-0020,2025-12-10,North,WH-B,Road,Express,17.276050768861197,398.1113791831988,5.2993079152330225,910.6899995474091,4.5,False,0.7993079152330225,52.71401501023952,2025-12
SHP-0096,2025-12-11,South,WH-C,Air,Standard,11.278652586665636,490.96375179428094,5.2522096442740756,1235.521541316281,8.0,True,0.0,109.5451368700722,2025-12
SHP-0029,2025-12-11,West,WH-D,Road,Standard,8.045921546556164,780.0810939889539,7.517172172612645,542.4845011037951,8.0,True,0.0,67.42353849273992,2025-12
SHP-0243,2025-12-12,South,WH-D,Road,Standard,16.955404081898156,297.6844693156377,7.376631430976932,696.3017308046244,8.0,True,0.0,41.06665505825406,2025-12
SHP-0261,2025-12-12,North,WH-A,Rail,Standard,13.392610935330548,828.8867239223724,9.68613753936074,831.2518185139493,8.0,False,1.6861375393607396,62.06794347478988,2025-12
SHP-0853,2025-12-12,South,WH-A,Rail,Standard,11.92970176051364,172.99389814108895,6.50569374589813,256.65795180405723,8.0,True,0.0,21.51419683043331,2025-12
SHP-1161,2025-12-12,North,WH-A,Road,Standard,9.669300371095966,343.5460770736009,7.209346622837776,411.4216516516931,8.0,True,0.0,42.54926787480287,2025-12
SHP-1132,2025-12-12,West,WH-A,Road,Standard,8.600491890922703,867.4072386665545,8.067238816289635,799.0307499529448,8.0,False,0.06723881628963468,92.9052384545904,2025-12
SHP-0438,2025-12-12,West,WH-C,Rail,Standard,6.549531650910034,325.9486712163665,8.040095317810247,385.08392670555514,8.0,False,0.040095317810246556,58.79564329642549,2025-12
SHP-0136,2025-12-12,North,WH-B,Rail,Express,7.0715992296938435,396.0450238299606,5.848733883147394,501.5382839427761,4.5,False,1.3487338831473936,70.92289419298577,2025-12
SHP-0054,2025-12-12,South,WH-D,Road,Standard,14.821655877407306,178.67420219614033,8.655913865951312,560.889627779948,8.0,False,0.6559138659513124,37.84257524389793,2025-12
SHP-0636,2025-12-12,East,WH-B,Road,Standard,8.64973281087952,226.1331994878066,8.776588924721526,743.327069940122,8.0,False,0.7765889247215263,85.93641979382011,2025-12
SHP-0797,2025-12-13,South,WH-C,Air,Express,7.5294315826061915,384.6598938888264,3.59490913120809,1063.2721890785936,4.5,True,0.0,141.21546592373167,2025-12
SHP-1183,2025-12-13,West,WH-D,Road,Standard,40.30969886720406,318.43297357426457,7.6962566011997415,1203.52468915765,8.0,True,0.0,29.856950634201755,2025-12
SHP-0650,2025-12-14,South,WH-A,Road,Standard,13.369349742679168,141.20848697085043,6.748297848874861,303.5389961500724,8.0,True,0.0,22.704095710884165,2025-12
SHP-0172,2025-12-14,West,WH-A,Rail,Standard,25.631846670054664,71.0449541623204,8.09616073896316,490.0558435424463,8.0,False,0.09616073896316024,19.119022123168826,2025-12
SHP-0690,2025-12-14,East,WH-D,Road,Standard,10.235856929275968,530.3571955200517,9.86147412920842,730.3847038607792,8.0,False,1.8614741292084194,71.35550144040972,2025-12
SHP-0763,2025-12-14,North,WH-C,Air,Express,15.029735441423389,887.6722467903046,4.7041945714144076,2525.8913783982657,4.5,False,0.20419457141440756,168.05960346026234,2025-12
SHP-0340,2025-12-15,East,WH-A,Rail,Standard,14.810665296809892,598.8004975369078,9.29898514701187,783.3080248852068,8.0,False,1.2989851470118694,52.88810523953475,2025-12
SHP-1034,2025-12-15,West,WH-C,Road,Standard,16.20934824330031,432.8081158462051,7.799085349245488,560.165817586612,8.0,True,0.0,34.55819501059465,2025-12
SHP-0291,2025-12-15,West,WH-A,Road,Standard,30.950418150915546,437.51540654980494,8.305692464672315,1271.4989768444793,8.0,False,0.30569246467231537,41.081802857867594,2025-12
SHP-0002,2025-12-15,East,WH-D,Road,Standard,15.011257230360254,252.9372813833854,7.4429582205596185,560.4726891293813,8.0,True,0.0,37.33682532571794,2025-12
SHP-0461,2025-12-15,North,WH-A,Rail,Standard,6.3626474049985315,931.9338930214608,10.897015100606703,512.5083063849353,8.0,False,2.897015100606703,80.54953760007287,2025-12
SHP-0239,2025-12-15,North,WH-C,Road,Standard,21.611345563599897,192.8658497595998,7.3200654985301234,550.9549656584795,8.0,True,0.0,25.49378353314825,2025-12
SHP-0421,2025-12-16,North,WH-C,Air,Standard,9.166876635055207,597.927209368825,7.242162382437332,1344.3801549557925,8.0,True,0.0,146.65629401128032,2025-12
SHP-0950,2025-12-16,South,WH-D,Rail,Standard,13.46510445079598,360.5034093728558,8.08670229849864,446.3130716616777,8.0,False,0.08670229849863986,33.14590490497786,2025-12
SHP-0953,2025-12-16,South,WH-D,Road,Standard,5.516014433653018,466.41991953755064,6.396766685895684,329.2869013437602,8.0,True,0.0,59.69652641494045,2025-12
SHP-0867,2025-12-16,East,WH-B,Air,Express,14.480522959463524,375.2234204649168,4.2001619639442165,1335.1631989948644,4.5,True,0.0,92.20407320457228,2025-12
SHP-0075,2025-12-17,East,WH-C,Road,Standard,12.438434795116034,124.76761775188679,7.275366474255637,567.6443874558073,8.0,True,0.0,45.63631974649202,2025-12
SHP-0744,2025-12-17,South,WH-D,Rail,Standard,10.640927809663966,705.0185459065161,10.24538757521905,605.176659610603,8.0,False,2.24538757521905,56.87254630756809,2025-12
SHP-0140,2025-12-18,East,WH-C,Road,Standard,4.0,236.27629143407893,7.169691933009593,182.88543725490442,8.0,True,0.0,45.721359313726104,2025-12
SHP-0246,2025-12-18,South,WH-B,Road,Standard,9.894489937075532,817.3460747994951,8.080559236660985,793.5756155440042,8.0,False,0.08055923666098508,80.20379227133336,2025-12
SHP-0834,2025-12-18,West,WH-D,Road,Standard,27.10876432550364,826.8812614420166,8.451216255496066,1655.069953062073,8.0,False,0.4512162554960657,61.052947053916455,2025-12
SHP-1095,2025-12-19,East,WH-A,Road,Standard,9.771047754507135,594.9482233090363,7.467009825191693,784.7505648652854,8.0,True,0.0,80.31386035374763,2025-12
SHP-1062,2025-12-19,North,WH-A,Rail,Express,5.554267885144677,493.7375272836797,6.708798046969393,835.1686262503641,4.5,False,2.2087980469693926,150.36520447349827,2025-12
SHP-0390,2025-12-20,South,WH-B,Air,Standard,11.847220435884049,140.72961856966876,4.3810950836285825,606.1589343506898,8.0,True,0.0,51.16465399045796,2025-12
SHP-0423,2025-12-21,South,WH-A,Road,Standard,6.128563363396209,923.4300499910564,6.862513425956072,616.9812888007177,8.0,True,0.0,100.6730700519038,2025-12
SHP-0878,2025-12-21,East,WH-D,Rail,Standard,11.131502662453244,1182.7261518752057,12.261075213421314,1023.9117420324126,8.0,False,4.261075213421314,91.98324548635155,2025-12
SHP-0377,2025-12-21,North,WH-D,Road,Standard,20.652262453634595,669.362845614531,9.553545217136184,1102.2159796891,8.0,False,1.5535452171361843,53.370229153519254,2025-12
SHP-0558,2025-12-21,North,WH-B,Road,Standard,19.172007978062144,723.6387668678758,8.600875172853643,1226.4553074892517,8.0,False,0.6008751728536428,63.97114527036717,2025-12
SHP-0999,2025-12-22,West,WH-A,Road,Standard,32.70492412123,501.5633512106433,8.675900876926702,1465.661969194502,8.0,False,0.6759008769267023,44.81471853478741,2025-12
SHP-1143,2025-12-22,South,WH-D,Road,Standard,16.041693743633644,562.2108886745575,7.2841729584332615,704.1778264999637,8.0,True,0.0,43.89672548009002,2025-12
SHP-0482,2025-12-23,North,WH-C,Road,Express,17.268170567865415,354.81840195962405,4.839758449549409,1021.4114435831748,4.5,False,0.33975844954940904,59.149951036731935,2025-12
SHP-0699,2025-12-23,North,WH-C,Air,Standard,17.029649891354257,577.7854458135765,6.26190283298121,1626.9660692834443,8.0,True,0.0,95.53725881994995,2025-12
SHP-0541,2025-12-23,North,WH-D,Road,Standard,8.92133050572111,586.2030384894944,8.08306261230509,740.509784163741,8.0,False,0.08306261230509016,83.00441102242132,2025-12
SHP-0746,2025-12-24,North,WH-D,Road,Express,21.30879109915267,678.2610890806335,5.626883081319788,1398.3987048450765,4.5,False,1.1268830813197876,65.62543592164094,2025-12
SHP-0686,2025-12-24,North,WH-C,Road,Standard,8.913156100642272,195.74749750550345,6.563943364496693,346.8268163452048,8.0,True,0.0,38.91178527886579,2025-12
SHP-0132,2025-12-25,West,WH-C,Road,Standard,24.685403566200037,454.69791371812283,8.70136383104846,881.5208990655427,8.0,False,0.7013638310484591,35.710208127711,2025-12
SHP-0181,2025-12-25,East,WH-D,Rail,Express,8.814720788363024,614.0395645499021,8.616022408575326,837.559991362518,4.5,False,4.116022408575326,95.01832349224765,2025-12
SHP-0122,2025-12-26,East,WH-A,Road,Standard,11.337942804773682,250.68875349202852,8.491139632142712,680.4965093061953,8.0,False,0.49113963214271195,60.01939867077842,2025-12
SHP-0252,2025-12-26,East,WH-B,Road,Standard,11.93216034154966,246.92791627312633,8.892777517519438,765.788066919663,8.0,False,0.8927775175194377,64.1784928294224,2025-12
SHP-0014,2025-12-26,West,WH-D,Air,Standard,16.114579379241142,943.1717480359306,5.6229440202699825,2461.4541908745277,8.0,True,0.0,152.7470331646001,2025-12
SHP-1126,2025-12-26,East,WH-A,Road,Standard,12.918045761438684,239.23994983511307,8.65309783762348,547.1512291742251,8.0,False,0.6530978376234806,42.35557291548786,2025-12
SHP-0359,2025-12-26,West,WH-A,Road,Standard,18.40639544235615,773.9599169948706,9.091904780123205,1346.1889987651373,8.0,False,1.0919047801232047,73.13702473583363,2025-12
SHP-0830,2025-12-26,West,WH-B,Road,Express,17.81013447283557,525.4940775366845,4.08099619616139,1089.6022932148796,4.5,True,0.0,61.17877969291957,2025-12
SHP-0063,2025-12-26,North,WH-A,Road,Standard,10.17988067871467,504.53501911203,9.452030332686206,477.19934206583054,8.0,False,1.4520303326862063,46.87671271664479,2025-12
SHP-0648,2025-12-27,East,WH-A,Road,Standard,16.876578528996685,691.294206225871,7.871169624947899,1006.8857268444885,8.0,True,0.0,59.66172142739101,2025-12
SHP-1037,2025-12-27,East,WH-B,Air,Standard,10.215807595639715,447.3620447763642,6.187545138328486,1062.4719756538325,8.0,True,0.0,104.00273945129057,2025-12
SHP-0559,2025-12-27,East,WH-D,Road,Standard,12.86912472286588,288.5979324015606,8.340497636606772,650.7615607709358,8.0,False,0.3404976366067718,50.567662897435575,2025-12
SHP-0899,2025-12-29,South,WH-D,Air,Standard,14.043554810632248,40.0,4.06571041258022,425.37049586633697,8.0,True,0.0,30.289374848616877,2025-12
SHP-1134,2025-12-29,South,WH-C,Road,Standard,4.0,1086.2975812815837,8.614093428239709,536.8264799694865,8.0,False,0.614093428239709,134.20661999237163,2025-12
SHP-1186,2025-12-30,North,WH-D,Air,Standard,14.546990166247696,384.4251986133297,6.389223218690612,1122.378087971575,8.0,True,0.0,77.15534795477801,2025-12
SHP-0631,2025-12-30,East,WH-C,Road,Standard,21.670724561607756,668.0686396234338,9.45862490796727,1404.6544232552744,8.0,False,1.4586249079672697,64.81806453965021,2025-12
SHP-0038,2025-12-30,East,WH-B,Road,Standard,7.563522907769878,1130.4850494835828,8.373482364889199,1027.1996648385689,8.0,False,0.37348236488919895,135.80968516448127,2025-12
SHP-1101,2025-12-31,North,WH-A,Road,Standard,12.367036095463623,651.3086067423512,9.443445351860566,672.6917442638636,8.0,False,1.443445351860566,54.393933928163676,2025-12
SHP-0619,2025-12-31,North,WH-C,Road,Standard,17.907852877179838,571.4949028390548,7.264058528384217,1005.7906551074733,8.0,True,0.0,56.16478212132079,2025-12
SHP-0941,2025-12-31,North,WH-A,Road,Standard,5.893904863345328,315.8803398638657,6.702821845502457,334.09650651988363,8.0,True,0.0,56.68508641828559,2025-12
SHP-0420,2025-12-31,East,WH-D,Road,Express,14.557079634319363,278.13655033152867,4.853896574994021,916.189136378636,4.5,False,0.35389657499402105,62.93770175019543,2025-12
SHP-0890,2025-12-31,East,WH-B,Road,Standard,9.40521292412188,383.17459728898064,9.49076798006799,691.101160615913,8.0,False,1.4907679800679894,73.48065016618833,2025-12
SHP-0313,2025-12-31,East,WH-C,Road,Standard,6.6813435555587795,608.0890804725677,9.098286233667936,914.153046026622,8.0,False,1.0982862336679364,136.8217392841684,2025-12
SHP-0720,2025-12-31,West,WH-A,Road,Standard,7.408695086070712,840.4165541373219,8.510848782416552,553.8827560768593,8.0,False,0.5108487824165522,74.76117584029464,2025-12
